$ vitest run

[1m[30m[46m RUN [49m[39m[22m [36mv4.1.10 [39m[90mD:/MyProject/neuro-book/packages/neuro-book[39m

 [31m❯[39m server/agent/profiles/rp-profiles.test.ts [2m([22m[2m9 tests[22m[2m | [22m[31m2 failed[39m[2m)[22m[33m 2092[2mms[22m[39m
     [33m[2m✓[22m[39m catalog 加载 rp.leader、simulator.leader、simulator.actor、rp.writer，不再加载 leader.rp [33m 1753[2mms[22m[39m
     [32m✓[39m rp contracts 使用 RP 专用输入输出，不复用普通 writer chapterPaths[32m 2[2mms[22m[39m
[31m     [31m×[31m rp.leader 作为 RP 用户交流层，读取 manual 并调用 simulator.leader[39m[32m 10[2mms[22m[39m
[31m     [31m×[31m simulator.leader 作为 simulation runtime owner 并负责调度 actor[39m[32m 4[2mms[22m[39m
     [32m✓[39m simulator.actor 只暴露 report_result，并注入 actor binding 与当前角色提示词[32m 9[2mms[22m[39m
     [32m✓[39m simulator.actor 复用 subject simulator 合同并注入新 profile 身份[32m 7[2mms[22m[39m
     [32m✓[39m simulator.actor kind=player 注入 player_rules 而非 npc_rules[32m 6[2mms[22m[39m
     [32m✓[39m rp.writer 只消费上级注入的 writer brief，直接输出讲故事口吻正文并允许指定文件工具[32m 35[2mms[22m[39m
     [32m✓[39m simulation 模板使用 subject frontmatter、runs 新结构和不产生断链的 entity 示例[32m 5[2mms[22m[39m
 [31m❯[39m server/agent/profiles/profile-compile-worker-lifecycle.test.ts [2m([22m[2m2 tests[22m[2m | [22m[31m1 failed[39m[2m)[22m[33m 957[2mms[22m[39m
     [33m[2m✓[22m[39m worker runtime 将 Project lifecycle error 返回为内部字段 [33m 605[2mms[22m[39m
[31m     [31m×[31m worker service 将 Project lifecycle error 重新抛为 ProjectNotOpenError[39m[33m 350[2mms[22m[39m
 [31m❯[39m server/agent/profiles/profile-compile-worker-preview.test.ts [2m([22m[2m2 tests[22m[2m | [22m[31m1 failed[39m[2m)[22m[33m 909[2mms[22m[39m
     [32m✓[39m worker crash 返回结构化 issue，不向 endpoint 抛 rejected promise[32m 268[2mms[22m[39m
[31m     [31m×[31m dry-run preview 不写入真实用户源码或 compiled artifact[39m[33m 638[2mms[22m[39m
 [31m❯[39m server/agent/profiles/world-engine-profile.test.ts [2m([22m[2m2 tests[22m[2m | [22m[31m1 failed[39m[2m)[22m[33m 527[2mms[22m[39m
     [33m[2m✓[22m[39m catalog 可以加载 world.engine runtime artifact [33m 515[2mms[22m[39m
[31m     [31m×[31m 只暴露 World Engine 维护所需工具，并注入第一版边界[39m[32m 8[2mms[22m[39m
 [31m❯[39m server/agent/profiles/simulation-director-profiles.test.ts [2m([22m[2m3 tests[22m[2m | [22m[31m2 failed[39m[2m)[22m[32m 15[2mms[22m[39m
[31m     [31m×[31m simulator.leader 暴露世界模拟合同和受限工具[39m[32m 9[2mms[22m[39m
[31m     [31m×[31m director 暴露 Plot System 合同和 Scene World Context[39m[32m 1[2mms[22m[39m
     [32m✓[39m director output schema 拒绝旧 simulator contract 和额外字段[32m 3[2mms[22m[39m
 [31m❯[39m server/agent/profiles/profile-compile-worker.test.ts [2m([22m[2m20 tests[22m[2m | [22m[31m10 failed[39m[2m)[22m[33m 28127[2mms[22m[39m
     [32m✓[39m Product Root 只使用预编译 Authoring Kit worker，不携带 tsx vendor 或运行源码[32m 8[2mms[22m[39m
     [33m[2m✓[22m[39m 在 worker runtime 中编译 .profile.tsx 源码 [33m 446[2mms[22m[39m
[31m     [31m×[31m 通过 worker service 后台编译 .profile.tsx 源码[39m[33m 335[2mms[22m[39m
     [33m[2m✓[22m[39m worker runtime 单文件与全量 release 保留显式 Project root label [33m 698[2mms[22m[39m
[31m     [31m×[31m worker service 并发单文件编译不会互相覆盖 manifest entry[39m[33m 334[2mms[22m[39m
[31m     [31m×[31m watcher与手动请求并发编译同一文件时不会微任务自旋[39m[33m 417[2mms[22m[39m
[31m     [31m×[31m worker service 并发 in-process 单文件编译后 Registry 保留完整 manifest[39m[33m 321[2mms[22m[39m
[31m     [31m×[31m staging cleanup 失败不会阻断结果或后续 worker 任务[39m[33m 418[2mms[22m[39m
     [32m✓[39m full compile 发布前能发现 profile 源文件集合变化[32m 3[2mms[22m[39m
     [32m✓[39m full compile 发布前能发现同名 profile 源码内容变化[32m 166[2mms[22m[39m
[31m     [31m×[31m worker service compileAll 发布前发现 profile 源文件集合变化时返回 stale[39m[33m 506[2mms[22m[39m
[31m     [31m×[31m worker service compileAll 发布前发现同名 profile 源码内容变化时返回 stale[39m[33m 20286[2mms[22m[39m
     [33m[2m✓[22m[39m 旧 worker runtime runProfileCompileAll 发布前发现 profile 源文件集合变化时返回 stale [33m 1017[2mms[22m[39m
     [33m[2m✓[22m[39m 旧 worker runtime runProfileCompileAll 发布前发现同名 profile 源码内容变化时返回 stale [33m 632[2mms[22m[39m
     [33m[2m✓[22m[39m 通过 worker runtime 全量编译用户 profile root [33m 506[2mms[22m[39m
     [33m[2m✓[22m[39m worker runtime 单文件 entry 模式只返回一条 staging entry [33m 412[2mms[22m[39m
     [33m[2m✓[22m[39m 全量编译遇到坏 profile 时继续编译其它 profile [33m 507[2mms[22m[39m
[31m     [31m×[31m 通过 worker service 后台全量编译用户 profile root[39m[33m 369[2mms[22m[39m
[31m     [31m×[31m worker service in-process 发布会回调 Registry sink，且不把 staging 泄露给调用方[39m[33m 412[2mms[22m[39m
[31m     [31m×[31m worker service 全量编译出的 director artifact 不依赖 Nitro importMeta shim[39m[33m 332[2mms[22m[39m
 [32m✓[39m server/config/config-service.test.ts [2m([22m[2m60 tests[22m[2m)[22m[33m 35804[2mms[22m[39m
     [33m[2m✓[22m[39m 无配置文件时返回默认 Global + Project 快照且不创建文件 [33m 436[2mms[22m[39m
     [33m[2m✓[22m[39m Config target 复用 ready Project 的已解析 workspace [33m 424[2mms[22m[39m
     [33m[2m✓[22m[39m Global Config 写入在文件 mutation 前拒绝不可运行模型 [33m 528[2mms[22m[39m
     [33m[2m✓[22m[39m Global Config 写入拒绝缺少 Provider 默认 API [33m 553[2mms[22m[39m
     [33m[2m✓[22m[39m 不包含 models 的 Global 保存不会被当前坏模型阻断 [33m 510[2mms[22m[39m
     [33m[2m✓[22m[39m Global Config 写入拒绝重复 Provider ID [33m 439[2mms[22m[39m
     [33m[2m✓[22m[39m disabled Provider 下的重复模型 ID 仍拒绝保存 [33m 434[2mms[22m[39m
     [33m[2m✓[22m[39m disabled Provider 的不完整模型仍拒绝保存 [33m 508[2mms[22m[39m
     [33m[2m✓[22m[39m 读取重复 Provider 配置保留全部原始条目、来源索引和 secret 状态 [33m 538[2mms[22m[39m
     [33m[2m✓[22m[39m 已保存 Provider 不允许通过来源索引改名或继承旧 API key [33m 446[2mms[22m[39m
     [33m[2m✓[22m[39m 已保存 Provider 的端点身份变化必须显式复制 [33m 533[2mms[22m[39m
     [33m[2m✓[22m[39m 已保存 Provider 可修改默认接口并保留原 Secret [33m 447[2mms[22m[39m
     [33m[2m✓[22m[39m 旧客户端省略 sourceIndex 时不会按 Provider ID 猜测 Secret [33m 453[2mms[22m[39m
     [33m[2m✓[22m[39m Provider 引用检查读取已打开与未打开 managed Project 的显式模型引用 [33m 473[2mms[22m[39m
     [33m[2m✓[22m[39m Agent-only Global 保存拒绝不可运行 modelKey 且不写文件 [33m 520[2mms[22m[39m
     [33m[2m✓[22m[39m Agent 可见模型清单通过设置快照与 Global 保存链持久化 [33m 538[2mms[22m[39m
     [33m[2m✓[22m[39m Global Config 写入拒绝无效 Profile 模型引用 [33m 444[2mms[22m[39m
     [33m[2m✓[22m[39m Provider enabled 缺省为 true，保存 false 时会持久化 [33m 710[2mms[22m[39m
     [33m[2m✓[22m[39m Global UI 费用显示币种可以保存并被 bootstrap 读回 [33m 465[2mms[22m[39m
     [33m[2m✓[22m[39m 非法 UI 费用显示币种会回退为 USD [33m 468[2mms[22m[39m
     [33m[2m✓[22m[39m Project Config 在 project.yaml 损坏时仍可读写 [33m 529[2mms[22m[39m
     [33m[2m✓[22m[39m Project 未 open 时拒绝保存 Project Config [33m 462[2mms[22m[39m
     [33m[2m✓[22m[39m Project 未 open 时拒绝读取 Project Config 快照 [33m 561[2mms[22m[39m
     [33m[2m✓[22m[39m Project 未 open 时 Global Config 仍可独立保存 [33m 854[2mms[22m[39m
     [33m[2m✓[22m[39m Project 未 open 时拒绝重置 Project Profile Home [33m 482[2mms[22m[39m
     [33m[2m✓[22m[39m Project 未 open 时拒绝读取 project scope Profile settings [33m 569[2mms[22m[39m
     [33m[2m✓[22m[39m Project 未 open 时 global scope Profile settings 仍只初始化 Global Profile Home [33m 622[2mms[22m[39m
     [33m[2m✓[22m[39m Global secret 写回缺失 value 时保留旧 API key [33m 472[2mms[22m[39m
     [33m[2m✓[22m[39m Global web secret 写回缺失 value 时保留旧 API key 并脱敏展示 [33m 505[2mms[22m[39m
     [33m[2m✓[22m[39m Global web 部分写回会保留模型配置段 [33m 791[2mms[22m[39m
     [33m[2m✓[22m[39m Global 部分写回会保留未提交的配置段 [33m 494[2mms[22m[39m
     [33m[2m✓[22m[39m Global 模型写回会保留 Pi Model 字段 [33m 546[2mms[22m[39m
     [33m[2m✓[22m[39m Project Config 可以覆盖默认模型、embedding 模型与默认 profile，但拒绝全局字段 [33m 479[2mms[22m[39m
     [33m[2m✓[22m[39m Project section patch 保留未提交的 models、agent、editor 与 history [33m 663[2mms[22m[39m
     [33m[2m✓[22m[39m Project 默认模型与 Profile modelKey 必须引用 runnable 模型 [33m 479[2mms[22m[39m
     [33m[2m✓[22m[39m Global 模型保存不扫描、不修改当前 Project 的历史失效引用 [33m 567[2mms[22m[39m
     [33m[2m✓[22m[39m Project Config 的 null 覆盖会回落到 Global Config [33m 584[2mms[22m[39m
     [33m[2m✓[22m[39m Global embedding 启用后空模型和空维度会写入默认值 [33m 481[2mms[22m[39m
     [33m[2m✓[22m[39m Agent runtime 配置读取会合并 Project embedding 覆盖 [33m 572[2mms[22m[39m
     [33m[2m✓[22m[39m Agent runtime 配置读取拒绝绝对 currentProjectRoot [33m 838[2mms[22m[39m
     [33m[2m✓[22m[39m Agent Profile 模型默认参数支持 Project 覆盖并被 profile 继承 [33m 505[2mms[22m[39m
     [33m[2m✓[22m[39m Project 只覆盖 Agent Profile 默认参数时也会更新已有 Global profile 的 effective model [33m 827[2mms[22m[39m
     [33m[2m✓[22m[39m editor snapshot 不读取 Agent Profile catalog [33m 798[2mms[22m[39m
     [33m[2m✓[22m[39m Agent Profile settings 专用接口读取每个 loaded Profile 的 runtime defaults [33m 647[2mms[22m[39m
     [33m[2m✓[22m[39m 所有 Profile 都返回 runtime 默认、各层 patch 与最终有效值 [33m 1093[2mms[22m[39m
     [33m[2m✓[22m[39m Agent Profile settings 支持 Global 保存并返回 form 与 effective value [33m 497[2mms[22m[39m
     [33m[2m✓[22m[39m Agent Profile settings 支持 Project patch 覆盖与继承 [33m 558[2mms[22m[39m
     [33m[2m✓[22m[39m Agent Profile settings 保存 Project patch 时按继承后的 effective value 校验 [33m 557[2mms[22m[39m
     [33m[2m✓[22m[39m Agent Profile settings 保存时拒绝非法 option 与自定义校验错误 [33m 745[2mms[22m[39m
     [33m[2m✓[22m[39m Project 保存应用 resource mutations 且不把 mutations 写入 config [33m 758[2mms[22m[39m
     [33m[2m✓[22m[39m Project 保存 settings 校验失败时不会先写入 resource mutations [33m 554[2mms[22m[39m
     [33m[2m✓[22m[39m Project 保存按 resource mutations 最终 key 校验 selected key [33m 708[2mms[22m[39m
     [33m[2m✓[22m[39m Project 保存按 resource mutations 最终 key 校验没有 validateKey 的 resolver [33m 770[2mms[22m[39m
     [33m[2m✓[22m[39m Project 保存拒绝 rename 后继续保存旧 selected key [33m 815[2mms[22m[39m
     [33m[2m✓[22m[39m Project 保存拒绝删除当前最终 selected key [33m 580[2mms[22m[39m
     [33m[2m✓[22m[39m Project 显式保存 global-only resource key 时要求先复制到项目 [33m 977[2mms[22m[39m
     [33m[2m✓[22m[39m Project 复制 global resource 到项目后允许保存同 key [33m 621[2mms[22m[39m
     [33m[2m✓[22m[39m Project 可以重置 profile home 并刷新完整 settings snapshot [33m 734[2mms[22m[39m
     [33m[2m✓[22m[39m Global 保存完整 Agent Profile settings 时初始化 Global profile home 且不初始化 Project profile home [33m 625[2mms[22m[39m
     [33m[2m✓[22m[39m Global 保存应用 resource mutations 且不把 mutations 写入 config [33m 520[2mms[22m[39m
 [32m✓[39m server/workspace-files/workspace-files.test.ts [2m([22m[2m73 tests[22m[2m)[22m[33m 70645[2mms[22m[39m
     [33m[2m✓[22m[39m 隔离 Workspace assets context 支持嵌套恢复 [33m 484[2mms[22m[39m
     [33m[2m✓[22m[39m 隔离 Workspace assets 清理失败时仍先恢复 cwd 与 context [33m 479[2mms[22m[39m
     [33m[2m✓[22m[39m Project Workspace tree snapshot 会返回 issues 和节点问题摘要 [33m 809[2mms[22m[39m
     [33m[2m✓[22m[39m Project Workspace mutation 后会重新读取文件与 issues [33m 844[2mms[22m[39m
     [33m[2m✓[22m[39m Project Workspace tree index 会 watch 外部新增文件并自动更新缓存 [33m 834[2mms[22m[39m
     [33m[2m✓[22m[39m Project Workspace mutation 会通过同一套 index 重建缓存 [33m 854[2mms[22m[39m
     [33m[2m✓[22m[39m user-assets tree index 会 watch 外部新增文件且保持 issues 为空 [33m 368[2mms[22m[39m
     [33m[2m✓[22m[39m ProjectSession open 会备份并静默修复损坏 manifest 后再建立 File Index [33m 817[2mms[22m[39m
     [33m[2m✓[22m[39m 同步系统 assets 会补齐默认 leader profile 覆盖文件 [33m 1403[2mms[22m[39m
     [33m[2m✓[22m[39m 同步系统 assets 会修复用户 profile manifest 与 artifact 不一致 [33m 2123[2mms[22m[39m
     [33m[2m✓[22m[39m 运行时同步 user profile assets 只发布一次并同步翻转 Registry [33m 1304[2mms[22m[39m
     [33m[2m✓[22m[39m user profile patch 发布成功后 sync state 写失败不会回滚源码 [33m 1257[2mms[22m[39m
     [33m[2m✓[22m[39m user profile patch 磁盘发布后 Registry 失败不会回滚源码 [33m 680[2mms[22m[39m
     [33m[2m✓[22m[39m user profile patch 发布前源码变化会放弃发布并回滚本轮源码替换 [33m 690[2mms[22m[39m
     [33m[2m✓[22m[39m 同步系统 assets 会修复用户 profile manifest 指向 building artifact [33m 2557[2mms[22m[39m
     [33m[2m✓[22m[39m 同步系统 assets 不覆盖已手改用户 profile artifact [33m 2388[2mms[22m[39m
     [33m[2m✓[22m[39m 系统 profile 更新且用户覆盖已手改时会返回可查看 diff 的 warning [33m 1428[2mms[22m[39m
     [33m[2m✓[22m[39m 强制同步系统 assets 会覆盖已手改用户 profile 并刷新 compiled artifact [33m 2486[2mms[22m[39m
     [33m[2m✓[22m[39m 前端同步 preflight 会先刷新过期 system profile manifest [33m 2280[2mms[22m[39m
     [33m[2m✓[22m[39m 可以读取用户 profile 覆盖的系统版本 diff 内容 [33m 1465[2mms[22m[39m
     [33m[2m✓[22m[39m 拒绝读取黑名单内的用户资产同步 diff 路径 [33m 434[2mms[22m[39m
     [33m[2m✓[22m[39m 同步系统 assets 会清理用户变量定义旧 compiled artifact [33m 1485[2mms[22m[39m
     [33m[2m✓[22m[39m 可以读取用户变量定义覆盖的系统版本 diff 内容 [33m 1453[2mms[22m[39m
     [33m[2m✓[22m[39m 同步系统 assets 会补齐 Agent runtime bin 和 config [33m 1513[2mms[22m[39m
     [33m[2m✓[22m[39m 同步系统 assets 会补齐 writer 默认 home 资源并记录同步状态 [33m 1561[2mms[22m[39m
     [33m[2m✓[22m[39m Runtime legacy projection 不复制 Agent package，也不覆盖 Install Root ledger 内容 [33m 399[2mms[22m[39m
     [33m[2m✓[22m[39m 同步系统 assets 会保留手改 wrapper，并硬切缺少 sync state 的旧 scripts [33m 1535[2mms[22m[39m
     [33m[2m✓[22m[39m 同步系统 assets 会删除仍跟随上游的旧 Agent runtime scripts 与 sync state [33m 1490[2mms[22m[39m
     [33m[2m✓[22m[39m 同步系统 assets 会管理 Agent skills、模板和 CLI 辅助文件 [33m 1485[2mms[22m[39m
     [33m[2m✓[22m[39m 同步系统 assets 会清理未手改的已删除上游模板并保留手改副本 [33m 1547[2mms[22m[39m
     [33m[2m✓[22m[39m 同步系统 assets 会清理未手改的旧 anti-ai-slop skill 副本 [33m 1435[2mms[22m[39m
     [33m[2m✓[22m[39m 同步系统 assets 会清理未手改的旧 llmlint 受管文件 [33m 1931[2mms[22m[39m
     [33m[2m✓[22m[39m Skill 同步只在依赖合同更新时失效 node_modules [33m 12226[2mms[22m[39m
     [33m[2m✓[22m[39m 同步系统 assets 会更新仍跟随上游的 Agent skill [33m 1437[2mms[22m[39m
     [33m[2m✓[22m[39m 系统 skill 更新且用户覆盖已手改时会返回可查看 diff 的 warning [33m 1542[2mms[22m[39m
     [33m[2m✓[22m[39m 强制同步系统 assets 会覆盖受管 asset 但不覆盖黑名单本地状态 [33m 1460[2mms[22m[39m
     [33m[2m✓[22m[39m 同步系统 assets 不会把本地状态和 compiled 产物纳入 managed sync [33m 1410[2mms[22m[39m
     [33m[2m✓[22m[39m 小说目录模板会创建最小 lorebook 骨架且通过内容节点校验 [33m 451[2mms[22m[39m
     [33m[2m✓[22m[39m 小说目录模板不会覆盖已有用户文件 [33m 329[2mms[22m[39m
     [33m[2m✓[22m[39m 用户 assets 可以覆盖小说目录模板但不覆盖目标 workspace 既有文件 [33m 453[2mms[22m[39m
     [33m[2m✓[22m[39m 小说目录模板会忽略用户 assets 中已废弃的默认模板文件 [33m 349[2mms[22m[39m
     [33m[2m✓[22m[39m Project Workspace 会加载模板，并由 Project Module 初始化 SQLite [33m 1458[2mms[22m[39m
     [33m[2m✓[22m[39m 可以给已有内容节点补充 state.md 且不覆盖已有文件 [33m 302[2mms[22m[39m
[warn] { projectRoot: 'codeact-test-1789839105383-ab1e5c9138fe9',
  path: 'world-engine/schema',
  error:
   { Error: ConnectionFailed("Unable to open connection to local database C:/Users/Administrator/AppData/Local/Temp/neuro-book/fixtures/nbook-workspace-assets-ZRvLe2/workspace/codeact-test-1789839105383-ab1e5c9138fe9/.nbook/history.sqlite: 14")
       at new Database (D:\MyProject\neuro-book\node_modules\libsql\index.js:95:17)
       at Sqlite3Client.#getDb (file:///D:/MyProject/neuro-book/node_modules/@libsql/client/lib-esm/sqlite3.js:207:24)
       at Sqlite3Client.execute (file:///D:/MyProject/neuro-book/node_modules/@libsql/client/lib-esm/sqlite3.js:83:39)
       at nameEndState (D:/MyProject/neuro-book/packages/nb-history/src/views.ts:183:29)
       at WorkspaceHistory.implicitReconcile (D:/MyProject/neuro-book/packages/nb-history/src/workspace-history.ts:830:41)
       at D:/MyProject/neuro-book/packages/nb-history/src/workspace-history.ts:304:41
       at runNextTicks (node:internal/process/task_queues:64:5)
       at listOnTimeout (node:internal/timers:547:9)
       at processTimers (node:internal/timers:521:7)
     code: '' } } workspace-history 单路径对账失败
[warn] { projectRoot: 'codeact-test-1789839105383-ab1e5c9138fe9',
  path: 'world-engine',
  error:
   { Error: ConnectionFailed("Unable to open connection to local database C:/Users/Administrator/AppData/Local/Temp/neuro-book/fixtures/nbook-workspace-assets-ZRvLe2/workspace/codeact-test-1789839105383-ab1e5c9138fe9/.nbook/history.sqlite: 14")
       at new Database (D:\MyProject\neuro-book\node_modules\libsql\index.js:95:17)
       at Sqlite3Client.#getDb (file:///D:/MyProject/neuro-book/node_modules/@libsql/client/lib-esm/sqlite3.js:207:24)
       at Sqlite3Client.execute (file:///D:/MyProject/neuro-book/node_modules/@libsql/client/lib-esm/sqlite3.js:83:39)
       at nameEndState (D:/MyProject/neuro-book/packages/nb-history/src/views.ts:183:29)
       at WorkspaceHistory.implicitReconcile (D:/MyProject/neuro-book/packages/nb-history/src/workspace-history.ts:830:41)
       at D:/MyProject/neuro-book/packages/nb-history/src/workspace-history.ts:304:41
       at runNextTicks (node:internal/process/task_queues:64:5)
       at listOnTimeout (node:internal/timers:547:9)
       at processTimers (node:internal/timers:521:7)
     code: '' } } workspace-history 单路径对账失败
[warn] { projectRoot: 'codeact-test-1789839105383-ab1e5c9138fe9',
  path: 'project.yaml',
  error:
   { Error: ConnectionFailed("Unable to open connection to local database C:/Users/Administrator/AppData/Local/Temp/neuro-book/fixtures/nbook-workspace-assets-ZRvLe2/workspace/codeact-test-1789839105383-ab1e5c9138fe9/.nbook/history.sqlite: 14")
       at new Database (D:\MyProject\neuro-book\node_modules\libsql\index.js:95:17)
       at Sqlite3Client.#getDb (file:///D:/MyProject/neuro-book/node_modules/@libsql/client/lib-esm/sqlite3.js:207:24)
       at Sqlite3Client.execute (file:///D:/MyProject/neuro-book/node_modules/@libsql/client/lib-esm/sqlite3.js:83:39)
       at nameEndState (D:/MyProject/neuro-book/packages/nb-history/src/views.ts:183:29)
       at WorkspaceHistory.implicitReconcile (D:/MyProject/neuro-book/packages/nb-history/src/workspace-history.ts:830:41)
       at D:/MyProject/neuro-book/packages/nb-history/src/workspace-history.ts:304:41
       at runNextTicks (node:internal/process/task_queues:64:5)
       at listOnTimeout (node:internal/timers:547:9)
       at processTimers (node:internal/timers:521:7)
     code: '' } } workspace-history 单路径对账失败
[warn] { projectRoot: 'codeact-test-1789839105383-ab1e5c9138fe9',
  path: 'world-engine/calendar.ts',
  error:
   { Error: ConnectionFailed("Unable to open connection to local database C:/Users/Administrator/AppData/Local/Temp/neuro-book/fixtures/nbook-workspace-assets-ZRvLe2/workspace/codeact-test-1789839105383-ab1e5c9138fe9/.nbook/history.sqlite: 14")
       at new Database (D:\MyProject\neuro-book\node_modules\libsql\index.js:95:17)
       at Sqlite3Client.#getDb (file:///D:/MyProject/neuro-book/node_modules/@libsql/client/lib-esm/sqlite3.js:207:24)
       at Sqlite3Client.execute (file:///D:/MyProject/neuro-book/node_modules/@libsql/client/lib-esm/sqlite3.js:83:39)
       at nameEndState (D:/MyProject/neuro-book/packages/nb-history/src/views.ts:183:29)
       at WorkspaceHistory.implicitReconcile (D:/MyProject/neuro-book/packages/nb-history/src/workspace-history.ts:830:41)
       at D:/MyProject/neuro-book/packages/nb-history/src/workspace-history.ts:304:41
       at runNextTicks (node:internal/process/task_queues:64:5)
       at listOnTimeout (node:internal/timers:547:9)
       at processTimers (node:internal/timers:521:7)
     code: '' } } workspace-history 单路径对账失败
[warn] { projectRoot: 'codeact-test-1789839105383-ab1e5c9138fe9',
  path: 'world-engine/schema/index.ts',
  error:
   { Error: ConnectionFailed("Unable to open connection to local database C:/Users/Administrator/AppData/Local/Temp/neuro-book/fixtures/nbook-workspace-assets-ZRvLe2/workspace/codeact-test-1789839105383-ab1e5c9138fe9/.nbook/history.sqlite: 14")
       at new Database (D:\MyProject\neuro-book\node_modules\libsql\index.js:95:17)
       at Sqlite3Client.#getDb (file:///D:/MyProject/neuro-book/node_modules/@libsql/client/lib-esm/sqlite3.js:207:24)
       at Sqlite3Client.execute (file:///D:/MyProject/neuro-book/node_modules/@libsql/client/lib-esm/sqlite3.js:83:39)
       at nameEndState (D:/MyProject/neuro-book/packages/nb-history/src/views.ts:183:29)
       at WorkspaceHistory.implicitReconcile (D:/MyProject/neuro-book/packages/nb-history/src/workspace-history.ts:830:41)
       at D:/MyProject/neuro-book/packages/nb-history/src/workspace-history.ts:304:41
       at runNextTicks (node:internal/process/task_queues:64:5)
       at listOnTimeout (node:internal/timers:547:9)
       at processTimers (node:internal/timers:521:7)
     code: '' } } workspace-history 单路径对账失败
[warn] { projectRoot: 'codeact-test-1789839104679-5cc3de299c364',
  path: 'world-engine/schema',
  error:
   { Error: ConnectionFailed("Unable to open connection to local database C:/Users/Administrator/AppData/Local/Temp/neuro-book/fixtures/nbook-workspace-assets-ZRvLe2/workspace/codeact-test-1789839104679-5cc3de299c364/.nbook/history.sqlite: 14")
       at new Database (D:\MyProject\neuro-book\node_modules\libsql\index.js:95:17)
       at Sqlite3Client.#getDb (file:///D:/MyProject/neuro-book/node_modules/@libsql/client/lib-esm/sqlite3.js:207:24)
       at Sqlite3Client.execute (file:///D:/MyProject/neuro-book/node_modules/@libsql/client/lib-esm/sqlite3.js:83:39)
       at nameEndState (D:/MyProject/neuro-book/packages/nb-history/src/views.ts:183:29)
       at WorkspaceHistory.implicitReconcile (D:/MyProject/neuro-book/packages/nb-history/src/workspace-history.ts:830:41)
       at D:/MyProject/neuro-book/packages/nb-history/src/workspace-history.ts:304:41
       at runNextTicks (node:internal/process/task_queues:64:5)
       at listOnTimeout (node:internal/timers:547:9)
       at processTimers (node:internal/timers:521:7)
     code: '' } } workspace-history 单路径对账失败
[warn] { projectRoot: 'codeact-test-1789839104679-5cc3de299c364',
  path: 'world-engine',
  error:
   { Error: ConnectionFailed("Unable to open connection to local database C:/Users/Administrator/AppData/Local/Temp/neuro-book/fixtures/nbook-workspace-assets-ZRvLe2/workspace/codeact-test-1789839104679-5cc3de299c364/.nbook/history.sqlite: 14")
       at new Database (D:\MyProject\neuro-book\node_modules\libsql\index.js:95:17)
       at Sqlite3Client.#getDb (file:///D:/MyProject/neuro-book/node_modules/@libsql/client/lib-esm/sqlite3.js:207:24)
       at Sqlite3Client.execute (file:///D:/MyProject/neuro-book/node_modules/@libsql/client/lib-esm/sqlite3.js:83:39)
       at nameEndState (D:/MyProject/neuro-book/packages/nb-history/src/views.ts:183:29)
       at WorkspaceHistory.implicitReconcile (D:/MyProject/neuro-book/packages/nb-history/src/workspace-history.ts:830:41)
       at D:/MyProject/neuro-book/packages/nb-history/src/workspace-history.ts:304:41
       at runNextTicks (node:internal/process/task_queues:64:5)
       at listOnTimeout (node:internal/timers:547:9)
       at processTimers (node:internal/timers:521:7)
     code: '' } } workspace-history 单路径对账失败
[warn] { projectRoot: 'codeact-test-1789839104679-5cc3de299c364',
  path: 'project.yaml',
  error:
   { Error: ConnectionFailed("Unable to open connection to local database C:/Users/Administrator/AppData/Local/Temp/neuro-book/fixtures/nbook-workspace-assets-ZRvLe2/workspace/codeact-test-1789839104679-5cc3de299c364/.nbook/history.sqlite: 14")
       at new Database (D:\MyProject\neuro-book\node_modules\libsql\index.js:95:17)
       at Sqlite3Client.#getDb (file:///D:/MyProject/neuro-book/node_modules/@libsql/client/lib-esm/sqlite3.js:207:24)
       at Sqlite3Client.execute (file:///D:/MyProject/neuro-book/node_modules/@libsql/client/lib-esm/sqlite3.js:83:39)
       at nameEndState (D:/MyProject/neuro-book/packages/nb-history/src/views.ts:183:29)
       at WorkspaceHistory.implicitReconcile (D:/MyProject/neuro-book/packages/nb-history/src/workspace-history.ts:830:41)
       at D:/MyProject/neuro-book/packages/nb-history/src/workspace-history.ts:304:41
       at runNextTicks (node:internal/process/task_queues:64:5)
       at listOnTimeout (node:internal/timers:547:9)
       at processTimers (node:internal/timers:521:7)
     code: '' } } workspace-history 单路径对账失败
[warn] { projectRoot: 'codeact-test-1789839104679-5cc3de299c364',
  path: 'world-engine/calendar.ts',
  error:
   { Error: ConnectionFailed("Unable to open connection to local database C:/Users/Administrator/AppData/Local/Temp/neuro-book/fixtures/nbook-workspace-assets-ZRvLe2/workspace/codeact-test-1789839104679-5cc3de299c364/.nbook/history.sqlite: 14")
       at new Database (D:\MyProject\neuro-book\node_modules\libsql\index.js:95:17)
       at Sqlite3Client.#getDb (file:///D:/MyProject/neuro-book/node_modules/@libsql/client/lib-esm/sqlite3.js:207:24)
       at Sqlite3Client.execute (file:///D:/MyProject/neuro-book/node_modules/@libsql/client/lib-esm/sqlite3.js:83:39)
       at nameEndState (D:/MyProject/neuro-book/packages/nb-history/src/views.ts:183:29)
       at WorkspaceHistory.implicitReconcile (D:/MyProject/neuro-book/packages/nb-history/src/workspace-history.ts:830:41)
       at D:/MyProject/neuro-book/packages/nb-history/src/workspace-history.ts:304:41
       at runNextTicks (node:internal/process/task_queues:64:5)
       at listOnTimeout (node:internal/timers:547:9)
       at processTimers (node:internal/timers:521:7)
     code: '' } } workspace-history 单路径对账失败
[warn] { projectRoot: 'codeact-test-1789839104679-5cc3de299c364',
  path: 'world-engine/schema/index.ts',
  error:
   { Error: ConnectionFailed("Unable to open connection to local database C:/Users/Administrator/AppData/Local/Temp/neuro-book/fixtures/nbook-workspace-assets-ZRvLe2/workspace/codeact-test-1789839104679-5cc3de299c364/.nbook/history.sqlite: 14")
       at new Database (D:\MyProject\neuro-book\node_modules\libsql\index.js:95:17)
       at Sqlite3Client.#getDb (file:///D:/MyProject/neuro-book/node_modules/@libsql/client/lib-esm/sqlite3.js:207:24)
       at Sqlite3Client.execute (file:///D:/MyProject/neuro-book/node_modules/@libsql/client/lib-esm/sqlite3.js:83:39)
       at nameEndState (D:/MyProject/neuro-book/packages/nb-history/src/views.ts:183:29)
       at WorkspaceHistory.implicitReconcile (D:/MyProject/neuro-book/packages/nb-history/src/workspace-history.ts:830:41)
       at D:/MyProject/neuro-book/packages/nb-history/src/workspace-history.ts:304:41
       at runNextTicks (node:internal/process/task_queues:64:5)
       at listOnTimeout (node:internal/timers:547:9)
       at processTimers (node:internal/timers:521:7)
     code: '' } } workspace-history 单路径对账失败
[warn] { projectRoot: 'codeact-test-1789839106823-f524f5fae7937',
  path: 'world-engine/schema',
  error:
   { Error: ConnectionFailed("Unable to open connection to local database C:/Users/Administrator/AppData/Local/Temp/neuro-book/fixtures/nbook-workspace-assets-ZRvLe2/workspace/codeact-test-1789839106823-f524f5fae7937/.nbook/history.sqlite: 14")
       at new Database (D:\MyProject\neuro-book\node_modules\libsql\index.js:95:17)
       at Sqlite3Client.#getDb (file:///D:/MyProject/neuro-book/node_modules/@libsql/client/lib-esm/sqlite3.js:207:24)
       at Sqlite3Client.execute (file:///D:/MyProject/neuro-book/node_modules/@libsql/client/lib-esm/sqlite3.js:83:39)
       at nameEndState (D:/MyProject/neuro-book/packages/nb-history/src/views.ts:183:29)
       at WorkspaceHistory.implicitReconcile (D:/MyProject/neuro-book/packages/nb-history/src/workspace-history.ts:830:41)
       at D:/MyProject/neuro-book/packages/nb-history/src/workspace-history.ts:304:41
       at runNextTicks (node:internal/process/task_queues:64:5)
       at listOnTimeout (node:internal/timers:547:9)
       at processTimers (node:internal/timers:521:7)
     code: '' } } workspace-history 单路径对账失败
[warn] { projectRoot: 'codeact-test-1789839106823-f524f5fae7937',
  path: 'world-engine',
  error:
   { Error: ConnectionFailed("Unable to open connection to local database C:/Users/Administrator/AppData/Local/Temp/neuro-book/fixtures/nbook-workspace-assets-ZRvLe2/workspace/codeact-test-1789839106823-f524f5fae7937/.nbook/history.sqlite: 14")
       at new Database (D:\MyProject\neuro-book\node_modules\libsql\index.js:95:17)
       at Sqlite3Client.#getDb (file:///D:/MyProject/neuro-book/node_modules/@libsql/client/lib-esm/sqlite3.js:207:24)
       at Sqlite3Client.execute (file:///D:/MyProject/neuro-book/node_modules/@libsql/client/lib-esm/sqlite3.js:83:39)
       at nameEndState (D:/MyProject/neuro-book/packages/nb-history/src/views.ts:183:29)
       at WorkspaceHistory.implicitReconcile (D:/MyProject/neuro-book/packages/nb-history/src/workspace-history.ts:830:41)
       at D:/MyProject/neuro-book/packages/nb-history/src/workspace-history.ts:304:41
       at runNextTicks (node:internal/process/task_queues:64:5)
       at listOnTimeout (node:internal/timers:547:9)
       at processTimers (node:internal/timers:521:7)
     code: '' } } workspace-history 单路径对账失败
[warn] { projectRoot: 'codeact-test-1789839106823-f524f5fae7937',
  path: 'project.yaml',
  error:
   { Error: ConnectionFailed("Unable to open connection to local database C:/Users/Administrator/AppData/Local/Temp/neuro-book/fixtures/nbook-workspace-assets-ZRvLe2/workspace/codeact-test-1789839106823-f524f5fae7937/.nbook/history.sqlite: 14")
       at new Database (D:\MyProject\neuro-book\node_modules\libsql\index.js:95:17)
       at Sqlite3Client.#getDb (file:///D:/MyProject/neuro-book/node_modules/@libsql/client/lib-esm/sqlite3.js:207:24)
       at Sqlite3Client.execute (file:///D:/MyProject/neuro-book/node_modules/@libsql/client/lib-esm/sqlite3.js:83:39)
       at nameEndState (D:/MyProject/neuro-book/packages/nb-history/src/views.ts:183:29)
       at WorkspaceHistory.implicitReconcile (D:/MyProject/neuro-book/packages/nb-history/src/workspace-history.ts:830:41)
       at D:/MyProject/neuro-book/packages/nb-history/src/workspace-history.ts:304:41
       at runNextTicks (node:internal/process/task_queues:64:5)
       at listOnTimeout (node:internal/timers:547:9)
       at processTimers (node:internal/timers:521:7)
     code: '' } } workspace-history 单路径对账失败
[warn] { projectRoot: 'codeact-test-1789839106823-f524f5fae7937',
  path: 'world-engine/calendar.ts',
  error:
   { Error: ConnectionFailed("Unable to open connection to local database C:/Users/Administrator/AppData/Local/Temp/neuro-book/fixtures/nbook-workspace-assets-ZRvLe2/workspace/codeact-test-1789839106823-f524f5fae7937/.nbook/history.sqlite: 14")
       at new Database (D:\MyProject\neuro-book\node_modules\libsql\index.js:95:17)
       at Sqlite3Client.#getDb (file:///D:/MyProject/neuro-book/node_modules/@libsql/client/lib-esm/sqlite3.js:207:24)
       at Sqlite3Client.execute (file:///D:/MyProject/neuro-book/node_modules/@libsql/client/lib-esm/sqlite3.js:83:39)
       at nameEndState (D:/MyProject/neuro-book/packages/nb-history/src/views.ts:183:29)
       at WorkspaceHistory.implicitReconcile (D:/MyProject/neuro-book/packages/nb-history/src/workspace-history.ts:830:41)
       at D:/MyProject/neuro-book/packages/nb-history/src/workspace-history.ts:304:41
       at runNextTicks (node:internal/process/task_queues:64:5)
       at listOnTimeout (node:internal/timers:547:9)
       at processTimers (node:internal/timers:521:7)
     code: '' } } workspace-history 单路径对账失败
[warn] { projectRoot: 'codeact-test-1789839106823-f524f5fae7937',
  path: 'world-engine/schema/index.ts',
  error:
   { Error: ConnectionFailed("Unable to open connection to local database C:/Users/Administrator/AppData/Local/Temp/neuro-book/fixtures/nbook-workspace-assets-ZRvLe2/workspace/codeact-test-1789839106823-f524f5fae7937/.nbook/history.sqlite: 14")
       at new Database (D:\MyProject\neuro-book\node_modules\libsql\index.js:95:17)
       at Sqlite3Client.#getDb (file:///D:/MyProject/neuro-book/node_modules/@libsql/client/lib-esm/sqlite3.js:207:24)
       at Sqlite3Client.execute (file:///D:/MyProject/neuro-book/node_modules/@libsql/client/lib-esm/sqlite3.js:83:39)
       at nameEndState (D:/MyProject/neuro-book/packages/nb-history/src/views.ts:183:29)
       at WorkspaceHistory.implicitReconcile (D:/MyProject/neuro-book/packages/nb-history/src/workspace-history.ts:830:41)
       at D:/MyProject/neuro-book/packages/nb-history/src/workspace-history.ts:304:41
       at runNextTicks (node:internal/process/task_queues:64:5)
       at listOnTimeout (node:internal/timers:547:9)
       at processTimers (node:internal/timers:521:7)
     code: '' } } workspace-history 单路径对账失败
[warn] { projectRoot: 'codeact-test-1789839103920-b9d7cba367465',
  path: 'world-engine/schema',
  error:
   { Error: ConnectionFailed("Unable to open connection to local database C:/Users/Administrator/AppData/Local/Temp/neuro-book/fixtures/nbook-workspace-assets-ZRvLe2/workspace/codeact-test-1789839103920-b9d7cba367465/.nbook/history.sqlite: 14")
       at new Database (D:\MyProject\neuro-book\node_modules\libsql\index.js:95:17)
       at Sqlite3Client.#getDb (file:///D:/MyProject/neuro-book/node_modules/@libsql/client/lib-esm/sqlite3.js:207:24)
       at Sqlite3Client.execute (file:///D:/MyProject/neuro-book/node_modules/@libsql/client/lib-esm/sqlite3.js:83:39)
       at nameEndState (D:/MyProject/neuro-book/packages/nb-history/src/views.ts:183:29)
       at WorkspaceHistory.implicitReconcile (D:/MyProject/neuro-book/packages/nb-history/src/workspace-history.ts:830:41)
       at D:/MyProject/neuro-book/packages/nb-history/src/workspace-history.ts:304:41
       at runNextTicks (node:internal/process/task_queues:64:5)
       at listOnTimeout (node:internal/timers:547:9)
       at processTimers (node:internal/timers:521:7)
     code: '' } } workspace-history 单路径对账失败
[warn] { projectRoot: 'codeact-test-1789839103920-b9d7cba367465',
  path: 'world-engine',
  error:
   { Error: ConnectionFailed("Unable to open connection to local database C:/Users/Administrator/AppData/Local/Temp/neuro-book/fixtures/nbook-workspace-assets-ZRvLe2/workspace/codeact-test-1789839103920-b9d7cba367465/.nbook/history.sqlite: 14")
       at new Database (D:\MyProject\neuro-book\node_modules\libsql\index.js:95:17)
       at Sqlite3Client.#getDb (file:///D:/MyProject/neuro-book/node_modules/@libsql/client/lib-esm/sqlite3.js:207:24)
       at Sqlite3Client.execute (file:///D:/MyProject/neuro-book/node_modules/@libsql/client/lib-esm/sqlite3.js:83:39)
       at nameEndState (D:/MyProject/neuro-book/packages/nb-history/src/views.ts:183:29)
       at WorkspaceHistory.implicitReconcile (D:/MyProject/neuro-book/packages/nb-history/src/workspace-history.ts:830:41)
       at D:/MyProject/neuro-book/packages/nb-history/src/workspace-history.ts:304:41
       at runNextTicks (node:internal/process/task_queues:64:5)
       at listOnTimeout (node:internal/timers:547:9)
       at processTimers (node:internal/timers:521:7)
     code: '' } } workspace-history 单路径对账失败
[warn] { projectRoot: 'codeact-test-1789839103920-b9d7cba367465',
  path: 'project.yaml',
  error:
   { Error: ConnectionFailed("Unable to open connection to local database C:/Users/Administrator/AppData/Local/Temp/neuro-book/fixtures/nbook-workspace-assets-ZRvLe2/workspace/codeact-test-1789839103920-b9d7cba367465/.nbook/history.sqlite: 14")
       at new Database (D:\MyProject\neuro-book\node_modules\libsql\index.js:95:17)
       at Sqlite3Client.#getDb (file:///D:/MyProject/neuro-book/node_modules/@libsql/client/lib-esm/sqlite3.js:207:24)
       at Sqlite3Client.execute (file:///D:/MyProject/neuro-book/node_modules/@libsql/client/lib-esm/sqlite3.js:83:39)
       at nameEndState (D:/MyProject/neuro-book/packages/nb-history/src/views.ts:183:29)
       at WorkspaceHistory.implicitReconcile (D:/MyProject/neuro-book/packages/nb-history/src/workspace-history.ts:830:41)
       at D:/MyProject/neuro-book/packages/nb-history/src/workspace-history.ts:304:41
       at runNextTicks (node:internal/process/task_queues:64:5)
       at listOnTimeout (node:internal/timers:547:9)
       at processTimers (node:internal/timers:521:7)
     code: '' } } workspace-history 单路径对账失败
[warn] { projectRoot: 'codeact-test-1789839103920-b9d7cba367465',
  path: 'world-engine/calendar.ts',
  error:
   { Error: ConnectionFailed("Unable to open connection to local database C:/Users/Administrator/AppData/Local/Temp/neuro-book/fixtures/nbook-workspace-assets-ZRvLe2/workspace/codeact-test-1789839103920-b9d7cba367465/.nbook/history.sqlite: 14")
       at new Database (D:\MyProject\neuro-book\node_modules\libsql\index.js:95:17)
       at Sqlite3Client.#getDb (file:///D:/MyProject/neuro-book/node_modules/@libsql/client/lib-esm/sqlite3.js:207:24)
       at Sqlite3Client.execute (file:///D:/MyProject/neuro-book/node_modules/@libsql/client/lib-esm/sqlite3.js:83:39)
       at nameEndState (D:/MyProject/neuro-book/packages/nb-history/src/views.ts:183:29)
       at WorkspaceHistory.implicitReconcile (D:/MyProject/neuro-book/packages/nb-history/src/workspace-history.ts:830:41)
       at D:/MyProject/neuro-book/packages/nb-history/src/workspace-history.ts:304:41
       at runNextTicks (node:internal/process/task_queues:64:5)
       at listOnTimeout (node:internal/timers:547:9)
       at processTimers (node:internal/timers:521:7)
     code: '' } } workspace-history 单路径对账失败
[warn] { projectRoot: 'codeact-test-1789839103920-b9d7cba367465',
  path: 'world-engine/schema/index.ts',
  error:
   { Error: ConnectionFailed("Unable to open connection to local database C:/Users/Administrator/AppData/Local/Temp/neuro-book/fixtures/nbook-workspace-assets-ZRvLe2/workspace/codeact-test-1789839103920-b9d7cba367465/.nbook/history.sqlite: 14")
       at new Database (D:\MyProject\neuro-book\node_modules\libsql\index.js:95:17)
       at Sqlite3Client.#getDb (file:///D:/MyProject/neuro-book/node_modules/@libsql/client/lib-esm/sqlite3.js:207:24)
       at Sqlite3Client.execute (file:///D:/MyProject/neuro-book/node_modules/@libsql/client/lib-esm/sqlite3.js:83:39)
       at nameEndState (D:/MyProject/neuro-book/packages/nb-history/src/views.ts:183:29)
       at WorkspaceHistory.implicitReconcile (D:/MyProject/neuro-book/packages/nb-history/src/workspace-history.ts:830:41)
       at D:/MyProject/neuro-book/packages/nb-history/src/workspace-history.ts:304:41
       at runNextTicks (node:internal/process/task_queues:64:5)
       at listOnTimeout (node:internal/timers:547:9)
       at processTimers (node:internal/timers:521:7)
     code: '' } } workspace-history 单路径对账失败
[warn] { projectRoot: 'codeact-test-1789839107522-18b9a10975db',
  path: 'world-engine/schema',
  error:
   { Error: ConnectionFailed("Unable to open connection to local database C:/Users/Administrator/AppData/Local/Temp/neuro-book/fixtures/nbook-workspace-assets-ZRvLe2/workspace/codeact-test-1789839107522-18b9a10975db/.nbook/history.sqlite: 14")
       at new Database (D:\MyProject\neuro-book\node_modules\libsql\index.js:95:17)
       at Sqlite3Client.#getDb (file:///D:/MyProject/neuro-book/node_modules/@libsql/client/lib-esm/sqlite3.js:207:24)
       at Sqlite3Client.execute (file:///D:/MyProject/neuro-book/node_modules/@libsql/client/lib-esm/sqlite3.js:83:39)
       at nameEndState (D:/MyProject/neuro-book/packages/nb-history/src/views.ts:183:29)
       at WorkspaceHistory.implicitReconcile (D:/MyProject/neuro-book/packages/nb-history/src/workspace-history.ts:830:41)
       at D:/MyProject/neuro-book/packages/nb-history/src/workspace-history.ts:304:41
       at runNextTicks (node:internal/process/task_queues:64:5)
       at listOnTimeout (node:internal/timers:547:9)
       at processTimers (node:internal/timers:521:7)
     code: '' } } workspace-history 单路径对账失败
[warn] { projectRoot: 'codeact-test-1789839107522-18b9a10975db',
  path: 'world-engine',
  error:
   { Error: ConnectionFailed("Unable to open connection to local database C:/Users/Administrator/AppData/Local/Temp/neuro-book/fixtures/nbook-workspace-assets-ZRvLe2/workspace/codeact-test-1789839107522-18b9a10975db/.nbook/history.sqlite: 14")
       at new Database (D:\MyProject\neuro-book\node_modules\libsql\index.js:95:17)
       at Sqlite3Client.#getDb (file:///D:/MyProject/neuro-book/node_modules/@libsql/client/lib-esm/sqlite3.js:207:24)
       at Sqlite3Client.execute (file:///D:/MyProject/neuro-book/node_modules/@libsql/client/lib-esm/sqlite3.js:83:39)
       at nameEndState (D:/MyProject/neuro-book/packages/nb-history/src/views.ts:183:29)
       at WorkspaceHistory.implicitReconcile (D:/MyProject/neuro-book/packages/nb-history/src/workspace-history.ts:830:41)
       at D:/MyProject/neuro-book/packages/nb-history/src/workspace-history.ts:304:41
       at runNextTicks (node:internal/process/task_queues:64:5)
       at listOnTimeout (node:internal/timers:547:9)
       at processTimers (node:internal/timers:521:7)
     code: '' } } workspace-history 单路径对账失败
[warn] { projectRoot: 'codeact-test-1789839107522-18b9a10975db',
  path: 'project.yaml',
  error:
   { Error: ConnectionFailed("Unable to open connection to local database C:/Users/Administrator/AppData/Local/Temp/neuro-book/fixtures/nbook-workspace-assets-ZRvLe2/workspace/codeact-test-1789839107522-18b9a10975db/.nbook/history.sqlite: 14")
       at new Database (D:\MyProject\neuro-book\node_modules\libsql\index.js:95:17)
       at Sqlite3Client.#getDb (file:///D:/MyProject/neuro-book/node_modules/@libsql/client/lib-esm/sqlite3.js:207:24)
       at Sqlite3Client.execute (file:///D:/MyProject/neuro-book/node_modules/@libsql/client/lib-esm/sqlite3.js:83:39)
       at nameEndState (D:/MyProject/neuro-book/packages/nb-history/src/views.ts:183:29)
       at WorkspaceHistory.implicitReconcile (D:/MyProject/neuro-book/packages/nb-history/src/workspace-history.ts:830:41)
       at D:/MyProject/neuro-book/packages/nb-history/src/workspace-history.ts:304:41
       at runNextTicks (node:internal/process/task_queues:64:5)
       at listOnTimeout (node:internal/timers:547:9)
       at processTimers (node:internal/timers:521:7)
     code: '' } } workspace-history 单路径对账失败
[warn] { projectRoot: 'codeact-test-1789839107522-18b9a10975db',
  path: 'world-engine/calendar.ts',
  error:
   { Error: ConnectionFailed("Unable to open connection to local database C:/Users/Administrator/AppData/Local/Temp/neuro-book/fixtures/nbook-workspace-assets-ZRvLe2/workspace/codeact-test-1789839107522-18b9a10975db/.nbook/history.sqlite: 14")
       at new Database (D:\MyProject\neuro-book\node_modules\libsql\index.js:95:17)
       at Sqlite3Client.#getDb (file:///D:/MyProject/neuro-book/node_modules/@libsql/client/lib-esm/sqlite3.js:207:24)
       at Sqlite3Client.execute (file:///D:/MyProject/neuro-book/node_modules/@libsql/client/lib-esm/sqlite3.js:83:39)
       at nameEndState (D:/MyProject/neuro-book/packages/nb-history/src/views.ts:183:29)
       at WorkspaceHistory.implicitReconcile (D:/MyProject/neuro-book/packages/nb-history/src/workspace-history.ts:830:41)
       at D:/MyProject/neuro-book/packages/nb-history/src/workspace-history.ts:304:41
       at runNextTicks (node:internal/process/task_queues:64:5)
       at listOnTimeout (node:internal/timers:547:9)
       at processTimers (node:internal/timers:521:7)
     code: '' } } workspace-history 单路径对账失败
[warn] { projectRoot: 'codeact-test-1789839107522-18b9a10975db',
  path: 'world-engine/schema/index.ts',
  error:
   { Error: ConnectionFailed("Unable to open connection to local database C:/Users/Administrator/AppData/Local/Temp/neuro-book/fixtures/nbook-workspace-assets-ZRvLe2/workspace/codeact-test-1789839107522-18b9a10975db/.nbook/history.sqlite: 14")
       at new Database (D:\MyProject\neuro-book\node_modules\libsql\index.js:95:17)
       at Sqlite3Client.#getDb (file:///D:/MyProject/neuro-book/node_modules/@libsql/client/lib-esm/sqlite3.js:207:24)
       at Sqlite3Client.execute (file:///D:/MyProject/neuro-book/node_modules/@libsql/client/lib-esm/sqlite3.js:83:39)
       at nameEndState (D:/MyProject/neuro-book/packages/nb-history/src/views.ts:183:29)
       at WorkspaceHistory.implicitReconcile (D:/MyProject/neuro-book/packages/nb-history/src/workspace-history.ts:830:41)
       at D:/MyProject/neuro-book/packages/nb-history/src/workspace-history.ts:304:41
       at runNextTicks (node:internal/process/task_queues:64:5)
       at listOnTimeout (node:internal/timers:547:9)
       at processTimers (node:internal/timers:521:7)
     code: '' } } workspace-history 单路径对账失败
[warn] { projectRoot: 'codeact-test-1789839106106-8d823d0cff2b6',
  path: 'world-engine/schema',
  error:
   { Error: ConnectionFailed("Unable to open connection to local database C:/Users/Administrator/AppData/Local/Temp/neuro-book/fixtures/nbook-workspace-assets-ZRvLe2/workspace/codeact-test-1789839106106-8d823d0cff2b6/.nbook/history.sqlite: 14")
       at new Database (D:\MyProject\neuro-book\node_modules\libsql\index.js:95:17)
       at Sqlite3Client.#getDb (file:///D:/MyProject/neuro-book/node_modules/@libsql/client/lib-esm/sqlite3.js:207:24)
       at Sqlite3Client.execute (file:///D:/MyProject/neuro-book/node_modules/@libsql/client/lib-esm/sqlite3.js:83:39)
       at nameEndState (D:/MyProject/neuro-book/packages/nb-history/src/views.ts:183:29)
       at WorkspaceHistory.implicitReconcile (D:/MyProject/neuro-book/packages/nb-history/src/workspace-history.ts:830:41)
       at D:/MyProject/neuro-book/packages/nb-history/src/workspace-history.ts:304:41
       at runNextTicks (node:internal/process/task_queues:64:5)
       at listOnTimeout (node:internal/timers:547:9)
       at processTimers (node:internal/timers:521:7)
     code: '' } } workspace-history 单路径对账失败
[warn] { projectRoot: 'codeact-test-1789839106106-8d823d0cff2b6',
  path: 'world-engine',
  error:
   { Error: ConnectionFailed("Unable to open connection to local database C:/Users/Administrator/AppData/Local/Temp/neuro-book/fixtures/nbook-workspace-assets-ZRvLe2/workspace/codeact-test-1789839106106-8d823d0cff2b6/.nbook/history.sqlite: 14")
       at new Database (D:\MyProject\neuro-book\node_modules\libsql\index.js:95:17)
       at Sqlite3Client.#getDb (file:///D:/MyProject/neuro-book/node_modules/@libsql/client/lib-esm/sqlite3.js:207:24)
       at Sqlite3Client.execute (file:///D:/MyProject/neuro-book/node_modules/@libsql/client/lib-esm/sqlite3.js:83:39)
       at nameEndState (D:/MyProject/neuro-book/packages/nb-history/src/views.ts:183:29)
       at WorkspaceHistory.implicitReconcile (D:/MyProject/neuro-book/packages/nb-history/src/workspace-history.ts:830:41)
       at D:/MyProject/neuro-book/packages/nb-history/src/workspace-history.ts:304:41
       at runNextTicks (node:internal/process/task_queues:64:5)
       at listOnTimeout (node:internal/timers:547:9)
       at processTimers (node:internal/timers:521:7)
     code: '' } } workspace-history 单路径对账失败
[warn] { projectRoot: 'codeact-test-1789839106106-8d823d0cff2b6',
  path: 'project.yaml',
  error:
   { Error: ConnectionFailed("Unable to open connection to local database C:/Users/Administrator/AppData/Local/Temp/neuro-book/fixtures/nbook-workspace-assets-ZRvLe2/workspace/codeact-test-1789839106106-8d823d0cff2b6/.nbook/history.sqlite: 14")
       at new Database (D:\MyProject\neuro-book\node_modules\libsql\index.js:95:17)
       at Sqlite3Client.#getDb (file:///D:/MyProject/neuro-book/node_modules/@libsql/client/lib-esm/sqlite3.js:207:24)
       at Sqlite3Client.execute (file:///D:/MyProject/neuro-book/node_modules/@libsql/client/lib-esm/sqlite3.js:83:39)
       at nameEndState (D:/MyProject/neuro-book/packages/nb-history/src/views.ts:183:29)
       at WorkspaceHistory.implicitReconcile (D:/MyProject/neuro-book/packages/nb-history/src/workspace-history.ts:830:41)
       at D:/MyProject/neuro-book/packages/nb-history/src/workspace-history.ts:304:41
       at runNextTicks (node:internal/process/task_queues:64:5)
       at listOnTimeout (node:internal/timers:547:9)
       at processTimers (node:internal/timers:521:7)
     code: '' } } workspace-history 单路径对账失败
[warn] { projectRoot: 'codeact-test-1789839106106-8d823d0cff2b6',
  path: 'world-engine/calendar.ts',
  error:
   { Error: ConnectionFailed("Unable to open connection to local database C:/Users/Administrator/AppData/Local/Temp/neuro-book/fixtures/nbook-workspace-assets-ZRvLe2/workspace/codeact-test-1789839106106-8d823d0cff2b6/.nbook/history.sqlite: 14")
       at new Database (D:\MyProject\neuro-book\node_modules\libsql\index.js:95:17)
       at Sqlite3Client.#getDb (file:///D:/MyProject/neuro-book/node_modules/@libsql/client/lib-esm/sqlite3.js:207:24)
       at Sqlite3Client.execute (file:///D:/MyProject/neuro-book/node_modules/@libsql/client/lib-esm/sqlite3.js:83:39)
       at nameEndState (D:/MyProject/neuro-book/packages/nb-history/src/views.ts:183:29)
       at WorkspaceHistory.implicitReconcile (D:/MyProject/neuro-book/packages/nb-history/src/workspace-history.ts:830:41)
       at D:/MyProject/neuro-book/packages/nb-history/src/workspace-history.ts:304:41
       at runNextTicks (node:internal/process/task_queues:64:5)
       at listOnTimeout (node:internal/timers:547:9)
       at processTimers (node:internal/timers:521:7)
     code: '' } } workspace-history 单路径对账失败
[warn] { projectRoot: 'codeact-test-1789839106106-8d823d0cff2b6',
  path: 'world-engine/schema/index.ts',
  error:
   { Error: ConnectionFailed("Unable to open connection to local database C:/Users/Administrator/AppData/Local/Temp/neuro-book/fixtures/nbook-workspace-assets-ZRvLe2/workspace/codeact-test-1789839106106-8d823d0cff2b6/.nbook/history.sqlite: 14")
       at new Database (D:\MyProject\neuro-book\node_modules\libsql\index.js:95:17)
       at Sqlite3Client.#getDb (file:///D:/MyProject/neuro-book/node_modules/@libsql/client/lib-esm/sqlite3.js:207:24)
       at Sqlite3Client.execute (file:///D:/MyProject/neuro-book/node_modules/@libsql/client/lib-esm/sqlite3.js:83:39)
       at nameEndState (D:/MyProject/neuro-book/packages/nb-history/src/views.ts:183:29)
       at WorkspaceHistory.implicitReconcile (D:/MyProject/neuro-book/packages/nb-history/src/workspace-history.ts:830:41)
       at D:/MyProject/neuro-book/packages/nb-history/src/workspace-history.ts:304:41
       at runNextTicks (node:internal/process/task_queues:64:5)
       at listOnTimeout (node:internal/timers:547:9)
       at processTimers (node:internal/timers:521:7)
     code: '' } } workspace-history 单路径对账失败
[warn] { projectRoot: 'codeact-test-1789839111512-fa30c25fb0465',
  path: 'world-engine/schema',
  error:
   { Error: ConnectionFailed("Unable to open connection to local database C:/Users/Administrator/AppData/Local/Temp/neuro-book/fixtures/nbook-workspace-assets-ZRvLe2/workspace/codeact-test-1789839111512-fa30c25fb0465/.nbook/history.sqlite: 14")
       at new Database (D:\MyProject\neuro-book\node_modules\libsql\index.js:95:17)
       at Sqlite3Client.#getDb (file:///D:/MyProject/neuro-book/node_modules/@libsql/client/lib-esm/sqlite3.js:207:24)
       at Sqlite3Client.execute (file:///D:/MyProject/neuro-book/node_modules/@libsql/client/lib-esm/sqlite3.js:83:39)
       at nameEndState (D:/MyProject/neuro-book/packages/nb-history/src/views.ts:183:29)
       at WorkspaceHistory.implicitReconcile (D:/MyProject/neuro-book/packages/nb-history/src/workspace-history.ts:830:41)
       at D:/MyProject/neuro-book/packages/nb-history/src/workspace-history.ts:304:41
       at runNextTicks (node:internal/process/task_queues:64:5)
       at listOnTimeout (node:internal/timers:547:9)
       at processTimers (node:internal/timers:521:7)
     code: '' } } workspace-history 单路径对账失败
[warn] { projectRoot: 'codeact-test-1789839111512-fa30c25fb0465',
  path: 'world-engine',
  error:
   { Error: ConnectionFailed("Unable to open connection to local database C:/Users/Administrator/AppData/Local/Temp/neuro-book/fixtures/nbook-workspace-assets-ZRvLe2/workspace/codeact-test-1789839111512-fa30c25fb0465/.nbook/history.sqlite: 14")
       at new Database (D:\MyProject\neuro-book\node_modules\libsql\index.js:95:17)
       at Sqlite3Client.#getDb (file:///D:/MyProject/neuro-book/node_modules/@libsql/client/lib-esm/sqlite3.js:207:24)
       at Sqlite3Client.execute (file:///D:/MyProject/neuro-book/node_modules/@libsql/client/lib-esm/sqlite3.js:83:39)
       at nameEndState (D:/MyProject/neuro-book/packages/nb-history/src/views.ts:183:29)
       at WorkspaceHistory.implicitReconcile (D:/MyProject/neuro-book/packages/nb-history/src/workspace-history.ts:830:41)
       at D:/MyProject/neuro-book/packages/nb-history/src/workspace-history.ts:304:41
       at runNextTicks (node:internal/process/task_queues:64:5)
       at listOnTimeout (node:internal/timers:547:9)
       at processTimers (node:internal/timers:521:7)
     code: '' } } workspace-history 单路径对账失败
[warn] { projectRoot: 'codeact-test-1789839111512-fa30c25fb0465',
  path: 'project.yaml',
  error:
   { Error: ConnectionFailed("Unable to open connection to local database C:/Users/Administrator/AppData/Local/Temp/neuro-book/fixtures/nbook-workspace-assets-ZRvLe2/workspace/codeact-test-1789839111512-fa30c25fb0465/.nbook/history.sqlite: 14")
       at new Database (D:\MyProject\neuro-book\node_modules\libsql\index.js:95:17)
       at Sqlite3Client.#getDb (file:///D:/MyProject/neuro-book/node_modules/@libsql/client/lib-esm/sqlite3.js:207:24)
       at Sqlite3Client.execute (file:///D:/MyProject/neuro-book/node_modules/@libsql/client/lib-esm/sqlite3.js:83:39)
       at nameEndState (D:/MyProject/neuro-book/packages/nb-history/src/views.ts:183:29)
       at WorkspaceHistory.implicitReconcile (D:/MyProject/neuro-book/packages/nb-history/src/workspace-history.ts:830:41)
       at D:/MyProject/neuro-book/packages/nb-history/src/workspace-history.ts:304:41
       at runNextTicks (node:internal/process/task_queues:64:5)
       at listOnTimeout (node:internal/timers:547:9)
       at processTimers (node:internal/timers:521:7)
     code: '' } } workspace-history 单路径对账失败
[warn] { projectRoot: 'codeact-test-1789839111512-fa30c25fb0465',
  path: 'world-engine/calendar.ts',
  error:
   { Error: ConnectionFailed("Unable to open connection to local database C:/Users/Administrator/AppData/Local/Temp/neuro-book/fixtures/nbook-workspace-assets-ZRvLe2/workspace/codeact-test-1789839111512-fa30c25fb0465/.nbook/history.sqlite: 14")
       at new Database (D:\MyProject\neuro-book\node_modules\libsql\index.js:95:17)
       at Sqlite3Client.#getDb (file:///D:/MyProject/neuro-book/node_modules/@libsql/client/lib-esm/sqlite3.js:207:24)
       at Sqlite3Client.execute (file:///D:/MyProject/neuro-book/node_modules/@libsql/client/lib-esm/sqlite3.js:83:39)
       at nameEndState (D:/MyProject/neuro-book/packages/nb-history/src/views.ts:183:29)
       at WorkspaceHistory.implicitReconcile (D:/MyProject/neuro-book/packages/nb-history/src/workspace-history.ts:830:41)
       at D:/MyProject/neuro-book/packages/nb-history/src/workspace-history.ts:304:41
       at runNextTicks (node:internal/process/task_queues:64:5)
       at listOnTimeout (node:internal/timers:547:9)
       at processTimers (node:internal/timers:521:7)
     code: '' } } workspace-history 单路径对账失败
[warn] { projectRoot: 'codeact-test-1789839111512-fa30c25fb0465',
  path: 'world-engine/schema/index.ts',
  error:
   { Error: ConnectionFailed("Unable to open connection to local database C:/Users/Administrator/AppData/Local/Temp/neuro-book/fixtures/nbook-workspace-assets-ZRvLe2/workspace/codeact-test-1789839111512-fa30c25fb0465/.nbook/history.sqlite: 14")
       at new Database (D:\MyProject\neuro-book\node_modules\libsql\index.js:95:17)
       at Sqlite3Client.#getDb (file:///D:/MyProject/neuro-book/node_modules/@libsql/client/lib-esm/sqlite3.js:207:24)
       at Sqlite3Client.execute (file:///D:/MyProject/neuro-book/node_modules/@libsql/client/lib-esm/sqlite3.js:83:39)
       at nameEndState (D:/MyProject/neuro-book/packages/nb-history/src/views.ts:183:29)
       at WorkspaceHistory.implicitReconcile (D:/MyProject/neuro-book/packages/nb-history/src/workspace-history.ts:830:41)
       at D:/MyProject/neuro-book/packages/nb-history/src/workspace-history.ts:304:41
       at runNextTicks (node:internal/process/task_queues:64:5)
       at listOnTimeout (node:internal/timers:547:9)
       at processTimers (node:internal/timers:521:7)
     code: '' } } workspace-history 单路径对账失败
[warn] { projectRoot: 'codeact-test-1789839111512-fa30c25fb0465',
  path: 'world-engine/schema/character.ts',
  error:
   { Error: ConnectionFailed("Unable to open connection to local database C:/Users/Administrator/AppData/Local/Temp/neuro-book/fixtures/nbook-workspace-assets-ZRvLe2/workspace/codeact-test-1789839111512-fa30c25fb0465/.nbook/history.sqlite: 14")
       at new Database (D:\MyProject\neuro-book\node_modules\libsql\index.js:95:17)
       at Sqlite3Client.#getDb (file:///D:/MyProject/neuro-book/node_modules/@libsql/client/lib-esm/sqlite3.js:207:24)
       at Sqlite3Client.execute (file:///D:/MyProject/neuro-book/node_modules/@libsql/client/lib-esm/sqlite3.js:83:39)
       at nameEndState (D:/MyProject/neuro-book/packages/nb-history/src/views.ts:183:29)
       at WorkspaceHistory.implicitReconcile (D:/MyProject/neuro-book/packages/nb-history/src/workspace-history.ts:830:41)
       at D:/MyProject/neuro-book/packages/nb-history/src/workspace-history.ts:304:41
       at runNextTicks (node:internal/process/task_queues:64:5)
       at listOnTimeout (node:internal/timers:547:9)
       at processTimers (node:internal/timers:521:7)
     code: '' } } workspace-history 单路径对账失败
[warn] { projectRoot: 'codeact-test-1789839108240-a2390064302ba',
  path: 'world-engine/schema',
  error:
   { Error: ConnectionFailed("Unable to open connection to local database C:/Users/Administrator/AppData/Local/Temp/neuro-book/fixtures/nbook-workspace-assets-ZRvLe2/workspace/codeact-test-1789839108240-a2390064302ba/.nbook/history.sqlite: 14")
       at new Database (D:\MyProject\neuro-book\node_modules\libsql\index.js:95:17)
       at Sqlite3Client.#getDb (file:///D:/MyProject/neuro-book/node_modules/@libsql/client/lib-esm/sqlite3.js:207:24)
       at Sqlite3Client.execute (file:///D:/MyProject/neuro-book/node_modules/@libsql/client/lib-esm/sqlite3.js:83:39)
       at nameEndState (D:/MyProject/neuro-book/packages/nb-history/src/views.ts:183:29)
       at WorkspaceHistory.implicitReconcile (D:/MyProject/neuro-book/packages/nb-history/src/workspace-history.ts:830:41)
       at D:/MyProject/neuro-book/packages/nb-history/src/workspace-history.ts:304:41
       at runNextTicks (node:internal/process/task_queues:64:5)
       at listOnTimeout (node:internal/timers:547:9)
       at processTimers (node:internal/timers:521:7)
     code: '' } } workspace-history 单路径对账失败
[warn] { projectRoot: 'codeact-test-1789839108240-a2390064302ba',
  path: 'world-engine',
  error:
   { Error: ConnectionFailed("Unable to open connection to local database C:/Users/Administrator/AppData/Local/Temp/neuro-book/fixtures/nbook-workspace-assets-ZRvLe2/workspace/codeact-test-1789839108240-a2390064302ba/.nbook/history.sqlite: 14")
       at new Database (D:\MyProject\neuro-book\node_modules\libsql\index.js:95:17)
       at Sqlite3Client.#getDb (file:///D:/MyProject/neuro-book/node_modules/@libsql/client/lib-esm/sqlite3.js:207:24)
       at Sqlite3Client.execute (file:///D:/MyProject/neuro-book/node_modules/@libsql/client/lib-esm/sqlite3.js:83:39)
       at nameEndState (D:/MyProject/neuro-book/packages/nb-history/src/views.ts:183:29)
       at WorkspaceHistory.implicitReconcile (D:/MyProject/neuro-book/packages/nb-history/src/workspace-history.ts:830:41)
       at D:/MyProject/neuro-book/packages/nb-history/src/workspace-history.ts:304:41
       at runNextTicks (node:internal/process/task_queues:64:5)
       at listOnTimeout (node:internal/timers:547:9)
       at processTimers (node:internal/timers:521:7)
     code: '' } } workspace-history 单路径对账失败
[warn] { projectRoot: 'codeact-test-1789839108240-a2390064302ba',
  path: 'project.yaml',
  error:
   { Error: ConnectionFailed("Unable to open connection to local database C:/Users/Administrator/AppData/Local/Temp/neuro-book/fixtures/nbook-workspace-assets-ZRvLe2/workspace/codeact-test-1789839108240-a2390064302ba/.nbook/history.sqlite: 14")
       at new Database (D:\MyProject\neuro-book\node_modules\libsql\index.js:95:17)
       at Sqlite3Client.#getDb (file:///D:/MyProject/neuro-book/node_modules/@libsql/client/lib-esm/sqlite3.js:207:24)
       at Sqlite3Client.execute (file:///D:/MyProject/neuro-book/node_modules/@libsql/client/lib-esm/sqlite3.js:83:39)
       at nameEndState (D:/MyProject/neuro-book/packages/nb-history/src/views.ts:183:29)
       at WorkspaceHistory.implicitReconcile (D:/MyProject/neuro-book/packages/nb-history/src/workspace-history.ts:830:41)
       at D:/MyProject/neuro-book/packages/nb-history/src/workspace-history.ts:304:41
       at runNextTicks (node:internal/process/task_queues:64:5)
       at listOnTimeout (node:internal/timers:547:9)
       at processTimers (node:internal/timers:521:7)
     code: '' } } workspace-history 单路径对账失败
[warn] { projectRoot: 'codeact-test-1789839108240-a2390064302ba',
  path: 'world-engine/calendar.ts',
  error:
   { Error: ConnectionFailed("Unable to open connection to local database C:/Users/Administrator/AppData/Local/Temp/neuro-book/fixtures/nbook-workspace-assets-ZRvLe2/workspace/codeact-test-1789839108240-a2390064302ba/.nbook/history.sqlite: 14")
       at new Database (D:\MyProject\neuro-book\node_modules\libsql\index.js:95:17)
       at Sqlite3Client.#getDb (file:///D:/MyProject/neuro-book/node_modules/@libsql/client/lib-esm/sqlite3.js:207:24)
       at Sqlite3Client.execute (file:///D:/MyProject/neuro-book/node_modules/@libsql/client/lib-esm/sqlite3.js:83:39)
       at nameEndState (D:/MyProject/neuro-book/packages/nb-history/src/views.ts:183:29)
       at WorkspaceHistory.implicitReconcile (D:/MyProject/neuro-book/packages/nb-history/src/workspace-history.ts:830:41)
       at D:/MyProject/neuro-book/packages/nb-history/src/workspace-history.ts:304:41
       at runNextTicks (node:internal/process/task_queues:64:5)
       at listOnTimeout (node:internal/timers:547:9)
       at processTimers (node:internal/timers:521:7)
     code: '' } } workspace-history 单路径对账失败
[warn] { projectRoot: 'codeact-test-1789839108240-a2390064302ba',
  path: 'world-engine/schema/index.ts',
  error:
   { Error: ConnectionFailed("Unable to open connection to local database C:/Users/Administrator/AppData/Local/Temp/neuro-book/fixtures/nbook-workspace-assets-ZRvLe2/workspace/codeact-test-1789839108240-a2390064302ba/.nbook/history.sqlite: 14")
       at new Database (D:\MyProject\neuro-book\node_modules\libsql\index.js:95:17)
       at Sqlite3Client.#getDb (file:///D:/MyProject/neuro-book/node_modules/@libsql/client/lib-esm/sqlite3.js:207:24)
       at Sqlite3Client.execute (file:///D:/MyProject/neuro-book/node_modules/@libsql/client/lib-esm/sqlite3.js:83:39)
       at nameEndState (D:/MyProject/neuro-book/packages/nb-history/src/views.ts:183:29)
       at WorkspaceHistory.implicitReconcile (D:/MyProject/neuro-book/packages/nb-history/src/workspace-history.ts:830:41)
       at D:/MyProject/neuro-book/packages/nb-history/src/workspace-history.ts:304:41
       at runNextTicks (node:internal/process/task_queues:64:5)
       at listOnTimeout (node:internal/timers:547:9)
       at processTimers (node:internal/timers:521:7)
     code: '' } } workspace-history 单路径对账失败
[warn] { projectRoot: 'codeact-test-1789839109412-2a27265c58c61',
  path: 'world-engine/schema',
  error:
   { Error: ConnectionFailed("Unable to open connection to local database C:/Users/Administrator/AppData/Local/Temp/neuro-book/fixtures/nbook-workspace-assets-ZRvLe2/workspace/codeact-test-1789839109412-2a27265c58c61/.nbook/history.sqlite: 14")
       at new Database (D:\MyProject\neuro-book\node_modules\libsql\index.js:95:17)
       at Sqlite3Client.#getDb (file:///D:/MyProject/neuro-book/node_modules/@libsql/client/lib-esm/sqlite3.js:207:24)
       at Sqlite3Client.execute (file:///D:/MyProject/neuro-book/node_modules/@libsql/client/lib-esm/sqlite3.js:83:39)
       at nameEndState (D:/MyProject/neuro-book/packages/nb-history/src/views.ts:183:29)
       at WorkspaceHistory.implicitReconcile (D:/MyProject/neuro-book/packages/nb-history/src/workspace-history.ts:830:41)
       at D:/MyProject/neuro-book/packages/nb-history/src/workspace-history.ts:304:41
       at runNextTicks (node:internal/process/task_queues:64:5)
       at listOnTimeout (node:internal/timers:547:9)
       at processTimers (node:internal/timers:521:7)
     code: '' } } workspace-history 单路径对账失败
[warn] { projectRoot: 'codeact-test-1789839109412-2a27265c58c61',
  path: 'world-engine',
  error:
   { Error: ConnectionFailed("Unable to open connection to local database C:/Users/Administrator/AppData/Local/Temp/neuro-book/fixtures/nbook-workspace-assets-ZRvLe2/workspace/codeact-test-1789839109412-2a27265c58c61/.nbook/history.sqlite: 14")
       at new Database (D:\MyProject\neuro-book\node_modules\libsql\index.js:95:17)
       at Sqlite3Client.#getDb (file:///D:/MyProject/neuro-book/node_modules/@libsql/client/lib-esm/sqlite3.js:207:24)
       at Sqlite3Client.execute (file:///D:/MyProject/neuro-book/node_modules/@libsql/client/lib-esm/sqlite3.js:83:39)
       at nameEndState (D:/MyProject/neuro-book/packages/nb-history/src/views.ts:183:29)
       at WorkspaceHistory.implicitReconcile (D:/MyProject/neuro-book/packages/nb-history/src/workspace-history.ts:830:41)
       at D:/MyProject/neuro-book/packages/nb-history/src/workspace-history.ts:304:41
       at runNextTicks (node:internal/process/task_queues:64:5)
       at listOnTimeout (node:internal/timers:547:9)
       at processTimers (node:internal/timers:521:7)
     code: '' } } workspace-history 单路径对账失败
[warn] { projectRoot: 'codeact-test-1789839109412-2a27265c58c61',
  path: 'project.yaml',
  error:
   { Error: ConnectionFailed("Unable to open connection to local database C:/Users/Administrator/AppData/Local/Temp/neuro-book/fixtures/nbook-workspace-assets-ZRvLe2/workspace/codeact-test-1789839109412-2a27265c58c61/.nbook/history.sqlite: 14")
       at new Database (D:\MyProject\neuro-book\node_modules\libsql\index.js:95:17)
       at Sqlite3Client.#getDb (file:///D:/MyProject/neuro-book/node_modules/@libsql/client/lib-esm/sqlite3.js:207:24)
       at Sqlite3Client.execute (file:///D:/MyProject/neuro-book/node_modules/@libsql/client/lib-esm/sqlite3.js:83:39)
       at nameEndState (D:/MyProject/neuro-book/packages/nb-history/src/views.ts:183:29)
       at WorkspaceHistory.implicitReconcile (D:/MyProject/neuro-book/packages/nb-history/src/workspace-history.ts:830:41)
       at D:/MyProject/neuro-book/packages/nb-history/src/workspace-history.ts:304:41
       at runNextTicks (node:internal/process/task_queues:64:5)
       at listOnTimeout (node:internal/timers:547:9)
       at processTimers (node:internal/timers:521:7)
     code: '' } } workspace-history 单路径对账失败
[warn] { projectRoot: 'codeact-test-1789839109412-2a27265c58c61',
  path: 'world-engine/calendar.ts',
  error:
   { Error: ConnectionFailed("Unable to open connection to local database C:/Users/Administrator/AppData/Local/Temp/neuro-book/fixtures/nbook-workspace-assets-ZRvLe2/workspace/codeact-test-1789839109412-2a27265c58c61/.nbook/history.sqlite: 14")
       at new Database (D:\MyProject\neuro-book\node_modules\libsql\index.js:95:17)
       at Sqlite3Client.#getDb (file:///D:/MyProject/neuro-book/node_modules/@libsql/client/lib-esm/sqlite3.js:207:24)
       at Sqlite3Client.execute (file:///D:/MyProject/neuro-book/node_modules/@libsql/client/lib-esm/sqlite3.js:83:39)
       at nameEndState (D:/MyProject/neuro-book/packages/nb-history/src/views.ts:183:29)
       at WorkspaceHistory.implicitReconcile (D:/MyProject/neuro-book/packages/nb-history/src/workspace-history.ts:830:41)
       at D:/MyProject/neuro-book/packages/nb-history/src/workspace-history.ts:304:41
       at runNextTicks (node:internal/process/task_queues:64:5)
       at listOnTimeout (node:internal/timers:547:9)
       at processTimers (node:internal/timers:521:7)
     code: '' } } workspace-history 单路径对账失败
[warn] { projectRoot: 'codeact-test-1789839109412-2a27265c58c61',
  path: 'world-engine/schema/index.ts',
  error:
   { Error: ConnectionFailed("Unable to open connection to local database C:/Users/Administrator/AppData/Local/Temp/neuro-book/fixtures/nbook-workspace-assets-ZRvLe2/workspace/codeact-test-1789839109412-2a27265c58c61/.nbook/history.sqlite: 14")
       at new Database (D:\MyProject\neuro-book\node_modules\libsql\index.js:95:17)
       at Sqlite3Client.#getDb (file:///D:/MyProject/neuro-book/node_modules/@libsql/client/lib-esm/sqlite3.js:207:24)
       at Sqlite3Client.execute (file:///D:/MyProject/neuro-book/node_modules/@libsql/client/lib-esm/sqlite3.js:83:39)
       at nameEndState (D:/MyProject/neuro-book/packages/nb-history/src/views.ts:183:29)
       at WorkspaceHistory.implicitReconcile (D:/MyProject/neuro-book/packages/nb-history/src/workspace-history.ts:830:41)
       at D:/MyProject/neuro-book/packages/nb-history/src/workspace-history.ts:304:41
       at runNextTicks (node:internal/process/task_queues:64:5)
       at listOnTimeout (node:internal/timers:547:9)
       at processTimers (node:internal/timers:521:7)
     code: '' } } workspace-history 单路径对账失败
[warn] { projectRoot: 'codeact-test-1789839108929-70b5c7974e9a8',
  path: 'world-engine/schema',
  error:
   { Error: ConnectionFailed("Unable to open connection to local database C:/Users/Administrator/AppData/Local/Temp/neuro-book/fixtures/nbook-workspace-assets-ZRvLe2/workspace/codeact-test-1789839108929-70b5c7974e9a8/.nbook/history.sqlite: 14")
       at new Database (D:\MyProject\neuro-book\node_modules\libsql\index.js:95:17)
       at Sqlite3Client.#getDb (file:///D:/MyProject/neuro-book/node_modules/@libsql/client/lib-esm/sqlite3.js:207:24)
       at Sqlite3Client.execute (file:///D:/MyProject/neuro-book/node_modules/@libsql/client/lib-esm/sqlite3.js:83:39)
       at nameEndState (D:/MyProject/neuro-book/packages/nb-history/src/views.ts:183:29)
       at WorkspaceHistory.implicitReconcile (D:/MyProject/neuro-book/packages/nb-history/src/workspace-history.ts:830:41)
       at D:/MyProject/neuro-book/packages/nb-history/src/workspace-history.ts:304:41
       at runNextTicks (node:internal/process/task_queues:64:5)
       at listOnTimeout (node:internal/timers:547:9)
       at processTimers (node:internal/timers:521:7)
     code: '' } } workspace-history 单路径对账失败
[warn] { projectRoot: 'codeact-test-1789839108929-70b5c7974e9a8',
  path: 'world-engine',
  error:
   { Error: ConnectionFailed("Unable to open connection to local database C:/Users/Administrator/AppData/Local/Temp/neuro-book/fixtures/nbook-workspace-assets-ZRvLe2/workspace/codeact-test-1789839108929-70b5c7974e9a8/.nbook/history.sqlite: 14")
       at new Database (D:\MyProject\neuro-book\node_modules\libsql\index.js:95:17)
       at Sqlite3Client.#getDb (file:///D:/MyProject/neuro-book/node_modules/@libsql/client/lib-esm/sqlite3.js:207:24)
       at Sqlite3Client.execute (file:///D:/MyProject/neuro-book/node_modules/@libsql/client/lib-esm/sqlite3.js:83:39)
       at nameEndState (D:/MyProject/neuro-book/packages/nb-history/src/views.ts:183:29)
       at WorkspaceHistory.implicitReconcile (D:/MyProject/neuro-book/packages/nb-history/src/workspace-history.ts:830:41)
       at D:/MyProject/neuro-book/packages/nb-history/src/workspace-history.ts:304:41
       at runNextTicks (node:internal/process/task_queues:64:5)
       at listOnTimeout (node:internal/timers:547:9)
       at processTimers (node:internal/timers:521:7)
     code: '' } } workspace-history 单路径对账失败
[warn] { projectRoot: 'codeact-test-1789839108929-70b5c7974e9a8',
  path: 'project.yaml',
  error:
   { Error: ConnectionFailed("Unable to open connection to local database C:/Users/Administrator/AppData/Local/Temp/neuro-book/fixtures/nbook-workspace-assets-ZRvLe2/workspace/codeact-test-1789839108929-70b5c7974e9a8/.nbook/history.sqlite: 14")
       at new Database (D:\MyProject\neuro-book\node_modules\libsql\index.js:95:17)
       at Sqlite3Client.#getDb (file:///D:/MyProject/neuro-book/node_modules/@libsql/client/lib-esm/sqlite3.js:207:24)
       at Sqlite3Client.execute (file:///D:/MyProject/neuro-book/node_modules/@libsql/client/lib-esm/sqlite3.js:83:39)
       at nameEndState (D:/MyProject/neuro-book/packages/nb-history/src/views.ts:183:29)
       at WorkspaceHistory.implicitReconcile (D:/MyProject/neuro-book/packages/nb-history/src/workspace-history.ts:830:41)
       at D:/MyProject/neuro-book/packages/nb-history/src/workspace-history.ts:304:41
       at runNextTicks (node:internal/process/task_queues:64:5)
       at listOnTimeout (node:internal/timers:547:9)
       at processTimers (node:internal/timers:521:7)
     code: '' } } workspace-history 单路径对账失败
[warn] { projectRoot: 'codeact-test-1789839108929-70b5c7974e9a8',
  path: 'world-engine/calendar.ts',
  error:
   { Error: ConnectionFailed("Unable to open connection to local database C:/Users/Administrator/AppData/Local/Temp/neuro-book/fixtures/nbook-workspace-assets-ZRvLe2/workspace/codeact-test-1789839108929-70b5c7974e9a8/.nbook/history.sqlite: 14")
       at new Database (D:\MyProject\neuro-book\node_modules\libsql\index.js:95:17)
       at Sqlite3Client.#getDb (file:///D:/MyProject/neuro-book/node_modules/@libsql/client/lib-esm/sqlite3.js:207:24)
       at Sqlite3Client.execute (file:///D:/MyProject/neuro-book/node_modules/@libsql/client/lib-esm/sqlite3.js:83:39)
       at nameEndState (D:/MyProject/neuro-book/packages/nb-history/src/views.ts:183:29)
       at WorkspaceHistory.implicitReconcile (D:/MyProject/neuro-book/packages/nb-history/src/workspace-history.ts:830:41)
       at D:/MyProject/neuro-book/packages/nb-history/src/workspace-history.ts:304:41
       at runNextTicks (node:internal/process/task_queues:64:5)
       at listOnTimeout (node:internal/timers:547:9)
       at processTimers (node:internal/timers:521:7)
     code: '' } } workspace-history 单路径对账失败
[warn] { projectRoot: 'codeact-test-1789839108929-70b5c7974e9a8',
  path: 'world-engine/schema/index.ts',
  error:
   { Error: ConnectionFailed("Unable to open connection to local database C:/Users/Administrator/AppData/Local/Temp/neuro-book/fixtures/nbook-workspace-assets-ZRvLe2/workspace/codeact-test-1789839108929-70b5c7974e9a8/.nbook/history.sqlite: 14")
       at new Database (D:\MyProject\neuro-book\node_modules\libsql\index.js:95:17)
       at Sqlite3Client.#getDb (file:///D:/MyProject/neuro-book/node_modules/@libsql/client/lib-esm/sqlite3.js:207:24)
       at Sqlite3Client.execute (file:///D:/MyProject/neuro-book/node_modules/@libsql/client/lib-esm/sqlite3.js:83:39)
       at nameEndState (D:/MyProject/neuro-book/packages/nb-history/src/views.ts:183:29)
       at WorkspaceHistory.implicitReconcile (D:/MyProject/neuro-book/packages/nb-history/src/workspace-history.ts:830:41)
       at D:/MyProject/neuro-book/packages/nb-history/src/workspace-history.ts:304:41
       at runNextTicks (node:internal/process/task_queues:64:5)
       at listOnTimeout (node:internal/timers:547:9)
       at processTimers (node:internal/timers:521:7)
     code: '' } } workspace-history 单路径对账失败
[warn] { projectRoot: 'codeact-test-1789839111049-a5d1b4cc0ab11',
  path: 'world-engine/schema',
  error:
   { Error: ConnectionFailed("Unable to open connection to local database C:/Users/Administrator/AppData/Local/Temp/neuro-book/fixtures/nbook-workspace-assets-ZRvLe2/workspace/codeact-test-1789839111049-a5d1b4cc0ab11/.nbook/history.sqlite: 14")
       at new Database (D:\MyProject\neuro-book\node_modules\libsql\index.js:95:17)
       at Sqlite3Client.#getDb (file:///D:/MyProject/neuro-book/node_modules/@libsql/client/lib-esm/sqlite3.js:207:24)
       at Sqlite3Client.execute (file:///D:/MyProject/neuro-book/node_modules/@libsql/client/lib-esm/sqlite3.js:83:39)
       at nameEndState (D:/MyProject/neuro-book/packages/nb-history/src/views.ts:183:29)
       at WorkspaceHistory.implicitReconcile (D:/MyProject/neuro-book/packages/nb-history/src/workspace-history.ts:830:41)
       at D:/MyProject/neuro-book/packages/nb-history/src/workspace-history.ts:304:41
       at runNextTicks (node:internal/process/task_queues:64:5)
       at listOnTimeout (node:internal/timers:547:9)
       at processTimers (node:internal/timers:521:7)
     code: '' } } workspace-history 单路径对账失败
[warn] { projectRoot: 'codeact-test-1789839111049-a5d1b4cc0ab11',
  path: 'world-engine',
  error:
   { Error: ConnectionFailed("Unable to open connection to local database C:/Users/Administrator/AppData/Local/Temp/neuro-book/fixtures/nbook-workspace-assets-ZRvLe2/workspace/codeact-test-1789839111049-a5d1b4cc0ab11/.nbook/history.sqlite: 14")
       at new Database (D:\MyProject\neuro-book\node_modules\libsql\index.js:95:17)
       at Sqlite3Client.#getDb (file:///D:/MyProject/neuro-book/node_modules/@libsql/client/lib-esm/sqlite3.js:207:24)
       at Sqlite3Client.execute (file:///D:/MyProject/neuro-book/node_modules/@libsql/client/lib-esm/sqlite3.js:83:39)
       at nameEndState (D:/MyProject/neuro-book/packages/nb-history/src/views.ts:183:29)
       at WorkspaceHistory.implicitReconcile (D:/MyProject/neuro-book/packages/nb-history/src/workspace-history.ts:830:41)
       at D:/MyProject/neuro-book/packages/nb-history/src/workspace-history.ts:304:41
       at runNextTicks (node:internal/process/task_queues:64:5)
       at listOnTimeout (node:internal/timers:547:9)
       at processTimers (node:internal/timers:521:7)
     code: '' } } workspace-history 单路径对账失败
[warn] { projectRoot: 'codeact-test-1789839111049-a5d1b4cc0ab11',
  path: 'project.yaml',
  error:
   { Error: ConnectionFailed("Unable to open connection to local database C:/Users/Administrator/AppData/Local/Temp/neuro-book/fixtures/nbook-workspace-assets-ZRvLe2/workspace/codeact-test-1789839111049-a5d1b4cc0ab11/.nbook/history.sqlite: 14")
       at new Database (D:\MyProject\neuro-book\node_modules\libsql\index.js:95:17)
       at Sqlite3Client.#getDb (file:///D:/MyProject/neuro-book/node_modules/@libsql/client/lib-esm/sqlite3.js:207:24)
       at Sqlite3Client.execute (file:///D:/MyProject/neuro-book/node_modules/@libsql/client/lib-esm/sqlite3.js:83:39)
       at nameEndState (D:/MyProject/neuro-book/packages/nb-history/src/views.ts:183:29)
       at WorkspaceHistory.implicitReconcile (D:/MyProject/neuro-book/packages/nb-history/src/workspace-history.ts:830:41)
       at D:/MyProject/neuro-book/packages/nb-history/src/workspace-history.ts:304:41
       at runNextTicks (node:internal/process/task_queues:64:5)
       at listOnTimeout (node:internal/timers:547:9)
       at processTimers (node:internal/timers:521:7)
     code: '' } } workspace-history 单路径对账失败
[warn] { projectRoot: 'codeact-test-1789839111049-a5d1b4cc0ab11',
  path: 'world-engine/calendar-config.ts',
  error:
   { Error: ConnectionFailed("Unable to open connection to local database C:/Users/Administrator/AppData/Local/Temp/neuro-book/fixtures/nbook-workspace-assets-ZRvLe2/workspace/codeact-test-1789839111049-a5d1b4cc0ab11/.nbook/history.sqlite: 14")
       at new Database (D:\MyProject\neuro-book\node_modules\libsql\index.js:95:17)
       at Sqlite3Client.#getDb (file:///D:/MyProject/neuro-book/node_modules/@libsql/client/lib-esm/sqlite3.js:207:24)
       at Sqlite3Client.execute (file:///D:/MyProject/neuro-book/node_modules/@libsql/client/lib-esm/sqlite3.js:83:39)
       at nameEndState (D:/MyProject/neuro-book/packages/nb-history/src/views.ts:183:29)
       at WorkspaceHistory.implicitReconcile (D:/MyProject/neuro-book/packages/nb-history/src/workspace-history.ts:830:41)
       at D:/MyProject/neuro-book/packages/nb-history/src/workspace-history.ts:304:41
       at runNextTicks (node:internal/process/task_queues:64:5)
       at listOnTimeout (node:internal/timers:547:9)
       at processTimers (node:internal/timers:521:7)
     code: '' } } workspace-history 单路径对账失败
[warn] { projectRoot: 'codeact-test-1789839111049-a5d1b4cc0ab11',
  path: 'world-engine/calendar.ts',
  error:
   { Error: ConnectionFailed("Unable to open connection to local database C:/Users/Administrator/AppData/Local/Temp/neuro-book/fixtures/nbook-workspace-assets-ZRvLe2/workspace/codeact-test-1789839111049-a5d1b4cc0ab11/.nbook/history.sqlite: 14")
       at new Database (D:\MyProject\neuro-book\node_modules\libsql\index.js:95:17)
       at Sqlite3Client.#getDb (file:///D:/MyProject/neuro-book/node_modules/@libsql/client/lib-esm/sqlite3.js:207:24)
       at Sqlite3Client.execute (file:///D:/MyProject/neuro-book/node_modules/@libsql/client/lib-esm/sqlite3.js:83:39)
       at nameEndState (D:/MyProject/neuro-book/packages/nb-history/src/views.ts:183:29)
       at WorkspaceHistory.implicitReconcile (D:/MyProject/neuro-book/packages/nb-history/src/workspace-history.ts:830:41)
       at D:/MyProject/neuro-book/packages/nb-history/src/workspace-history.ts:304:41
       at runNextTicks (node:internal/process/task_queues:64:5)
       at listOnTimeout (node:internal/timers:547:9)
       at processTimers (node:internal/timers:521:7)
     code: '' } } workspace-history 单路径对账失败
[warn] { projectRoot: 'codeact-test-1789839111049-a5d1b4cc0ab11',
  path: 'world-engine/schema/index.ts',
  error:
   { Error: ConnectionFailed("Unable to open connection to local database C:/Users/Administrator/AppData/Local/Temp/neuro-book/fixtures/nbook-workspace-assets-ZRvLe2/workspace/codeact-test-1789839111049-a5d1b4cc0ab11/.nbook/history.sqlite: 14")
       at new Database (D:\MyProject\neuro-book\node_modules\libsql\index.js:95:17)
       at Sqlite3Client.#getDb (file:///D:/MyProject/neuro-book/node_modules/@libsql/client/lib-esm/sqlite3.js:207:24)
       at Sqlite3Client.execute (file:///D:/MyProject/neuro-book/node_modules/@libsql/client/lib-esm/sqlite3.js:83:39)
       at nameEndState (D:/MyProject/neuro-book/packages/nb-history/src/views.ts:183:29)
       at WorkspaceHistory.implicitReconcile (D:/MyProject/neuro-book/packages/nb-history/src/workspace-history.ts:830:41)
       at D:/MyProject/neuro-book/packages/nb-history/src/workspace-history.ts:304:41
       at runNextTicks (node:internal/process/task_queues:64:5)
       at listOnTimeout (node:internal/timers:547:9)
       at processTimers (node:internal/timers:521:7)
     code: '' } } workspace-history 单路径对账失败
[warn] { projectRoot: 'codeact-test-1789839115970-cadbcdb91ee73',
  path: 'world-engine/schema',
  error:
   { Error: ConnectionFailed("Unable to open connection to local database C:/Users/Administrator/AppData/Local/Temp/neuro-book/fixtures/nbook-workspace-assets-ZRvLe2/workspace/codeact-test-1789839115970-cadbcdb91ee73/.nbook/history.sqlite: 14")
       at new Database (D:\MyProject\neuro-book\node_modules\libsql\index.js:95:17)
       at Sqlite3Client.#getDb (file:///D:/MyProject/neuro-book/node_modules/@libsql/client/lib-esm/sqlite3.js:207:24)
       at Sqlite3Client.execute (file:///D:/MyProject/neuro-book/node_modules/@libsql/client/lib-esm/sqlite3.js:83:39)
       at nameEndState (D:/MyProject/neuro-book/packages/nb-history/src/views.ts:183:29)
       at WorkspaceHistory.implicitReconcile (D:/MyProject/neuro-book/packages/nb-history/src/workspace-history.ts:830:41)
       at D:/MyProject/neuro-book/packages/nb-history/src/workspace-history.ts:304:41
       at runNextTicks (node:internal/process/task_queues:64:5)
       at listOnTimeout (node:internal/timers:547:9)
       at processTimers (node:internal/timers:521:7)
     code: '' } } workspace-history 单路径对账失败
[warn] { projectRoot: 'codeact-test-1789839115970-cadbcdb91ee73',
  path: 'world-engine',
  error:
   { Error: ConnectionFailed("Unable to open connection to local database C:/Users/Administrator/AppData/Local/Temp/neuro-book/fixtures/nbook-workspace-assets-ZRvLe2/workspace/codeact-test-1789839115970-cadbcdb91ee73/.nbook/history.sqlite: 14")
       at new Database (D:\MyProject\neuro-book\node_modules\libsql\index.js:95:17)
       at Sqlite3Client.#getDb (file:///D:/MyProject/neuro-book/node_modules/@libsql/client/lib-esm/sqlite3.js:207:24)
       at Sqlite3Client.execute (file:///D:/MyProject/neuro-book/node_modules/@libsql/client/lib-esm/sqlite3.js:83:39)
       at nameEndState (D:/MyProject/neuro-book/packages/nb-history/src/views.ts:183:29)
       at WorkspaceHistory.implicitReconcile (D:/MyProject/neuro-book/packages/nb-history/src/workspace-history.ts:830:41)
       at D:/MyProject/neuro-book/packages/nb-history/src/workspace-history.ts:304:41
       at runNextTicks (node:internal/process/task_queues:64:5)
       at listOnTimeout (node:internal/timers:547:9)
       at processTimers (node:internal/timers:521:7)
     code: '' } } workspace-history 单路径对账失败
[warn] { projectRoot: 'codeact-test-1789839115970-cadbcdb91ee73',
  path: 'project.yaml',
  error:
   { Error: ConnectionFailed("Unable to open connection to local database C:/Users/Administrator/AppData/Local/Temp/neuro-book/fixtures/nbook-workspace-assets-ZRvLe2/workspace/codeact-test-1789839115970-cadbcdb91ee73/.nbook/history.sqlite: 14")
       at new Database (D:\MyProject\neuro-book\node_modules\libsql\index.js:95:17)
       at Sqlite3Client.#getDb (file:///D:/MyProject/neuro-book/node_modules/@libsql/client/lib-esm/sqlite3.js:207:24)
       at Sqlite3Client.execute (file:///D:/MyProject/neuro-book/node_modules/@libsql/client/lib-esm/sqlite3.js:83:39)
       at nameEndState (D:/MyProject/neuro-book/packages/nb-history/src/views.ts:183:29)
       at WorkspaceHistory.implicitReconcile (D:/MyProject/neuro-book/packages/nb-history/src/workspace-history.ts:830:41)
       at D:/MyProject/neuro-book/packages/nb-history/src/workspace-history.ts:304:41
       at runNextTicks (node:internal/process/task_queues:64:5)
       at listOnTimeout (node:internal/timers:547:9)
       at processTimers (node:internal/timers:521:7)
     code: '' } } workspace-history 单路径对账失败
[warn] { projectRoot: 'codeact-test-1789839115970-cadbcdb91ee73',
  path: 'world-engine/calendar.ts',
  error:
   { Error: ConnectionFailed("Unable to open connection to local database C:/Users/Administrator/AppData/Local/Temp/neuro-book/fixtures/nbook-workspace-assets-ZRvLe2/workspace/codeact-test-1789839115970-cadbcdb91ee73/.nbook/history.sqlite: 14")
       at new Database (D:\MyProject\neuro-book\node_modules\libsql\index.js:95:17)
       at Sqlite3Client.#getDb (file:///D:/MyProject/neuro-book/node_modules/@libsql/client/lib-esm/sqlite3.js:207:24)
       at Sqlite3Client.execute (file:///D:/MyProject/neuro-book/node_modules/@libsql/client/lib-esm/sqlite3.js:83:39)
       at nameEndState (D:/MyProject/neuro-book/packages/nb-history/src/views.ts:183:29)
       at WorkspaceHistory.implicitReconcile (D:/MyProject/neuro-book/packages/nb-history/src/workspace-history.ts:830:41)
       at D:/MyProject/neuro-book/packages/nb-history/src/workspace-history.ts:304:41
       at runNextTicks (node:internal/process/task_queues:64:5)
       at listOnTimeout (node:internal/timers:547:9)
       at processTimers (node:internal/timers:521:7)
     code: '' } } workspace-history 单路径对账失败
[warn] { projectRoot: 'codeact-test-1789839115970-cadbcdb91ee73',
  path: 'world-engine/schema/index.ts',
  error:
   { Error: ConnectionFailed("Unable to open connection to local database C:/Users/Administrator/AppData/Local/Temp/neuro-book/fixtures/nbook-workspace-assets-ZRvLe2/workspace/codeact-test-1789839115970-cadbcdb91ee73/.nbook/history.sqlite: 14")
       at new Database (D:\MyProject\neuro-book\node_modules\libsql\index.js:95:17)
       at Sqlite3Client.#getDb (file:///D:/MyProject/neuro-book/node_modules/@libsql/client/lib-esm/sqlite3.js:207:24)
       at Sqlite3Client.execute (file:///D:/MyProject/neuro-book/node_modules/@libsql/client/lib-esm/sqlite3.js:83:39)
       at nameEndState (D:/MyProject/neuro-book/packages/nb-history/src/views.ts:183:29)
       at WorkspaceHistory.implicitReconcile (D:/MyProject/neuro-book/packages/nb-history/src/workspace-history.ts:830:41)
       at D:/MyProject/neuro-book/packages/nb-history/src/workspace-history.ts:304:41
       at runNextTicks (node:internal/process/task_queues:64:5)
       at listOnTimeout (node:internal/timers:547:9)
       at processTimers (node:internal/timers:521:7)
     code: '' } } workspace-history 单路径对账失败
[warn] { projectRoot: 'codeact-test-1789839116777-f22cc58c44ef2',
  path: 'world-engine/schema',
  error:
   { Error: ConnectionFailed("Unable to open connection to local database C:/Users/Administrator/AppData/Local/Temp/neuro-book/fixtures/nbook-workspace-assets-ZRvLe2/workspace/codeact-test-1789839116777-f22cc58c44ef2/.nbook/history.sqlite: 14")
       at new Database (D:\MyProject\neuro-book\node_modules\libsql\index.js:95:17)
       at Sqlite3Client.#getDb (file:///D:/MyProject/neuro-book/node_modules/@libsql/client/lib-esm/sqlite3.js:207:24)
       at Sqlite3Client.execute (file:///D:/MyProject/neuro-book/node_modules/@libsql/client/lib-esm/sqlite3.js:83:39)
       at nameEndState (D:/MyProject/neuro-book/packages/nb-history/src/views.ts:183:29)
       at WorkspaceHistory.implicitReconcile (D:/MyProject/neuro-book/packages/nb-history/src/workspace-history.ts:830:41)
       at D:/MyProject/neuro-book/packages/nb-history/src/workspace-history.ts:304:41
       at runNextTicks (node:internal/process/task_queues:64:5)
       at listOnTimeout (node:internal/timers:547:9)
       at processTimers (node:internal/timers:521:7)
     code: '' } } workspace-history 单路径对账失败
[warn] { projectRoot: 'codeact-test-1789839116777-f22cc58c44ef2',
  path: 'world-engine',
  error:
   { Error: ConnectionFailed("Unable to open connection to local database C:/Users/Administrator/AppData/Local/Temp/neuro-book/fixtures/nbook-workspace-assets-ZRvLe2/workspace/codeact-test-1789839116777-f22cc58c44ef2/.nbook/history.sqlite: 14")
       at new Database (D:\MyProject\neuro-book\node_modules\libsql\index.js:95:17)
       at Sqlite3Client.#getDb (file:///D:/MyProject/neuro-book/node_modules/@libsql/client/lib-esm/sqlite3.js:207:24)
       at Sqlite3Client.execute (file:///D:/MyProject/neuro-book/node_modules/@libsql/client/lib-esm/sqlite3.js:83:39)
       at nameEndState (D:/MyProject/neuro-book/packages/nb-history/src/views.ts:183:29)
       at WorkspaceHistory.implicitReconcile (D:/MyProject/neuro-book/packages/nb-history/src/workspace-history.ts:830:41)
       at D:/MyProject/neuro-book/packages/nb-history/src/workspace-history.ts:304:41
       at runNextTicks (node:internal/process/task_queues:64:5)
       at listOnTimeout (node:internal/timers:547:9)
       at processTimers (node:internal/timers:521:7)
     code: '' } } workspace-history 单路径对账失败
[warn] { projectRoot: 'codeact-test-1789839116777-f22cc58c44ef2',
  path: 'project.yaml',
  error:
   { Error: ConnectionFailed("Unable to open connection to local database C:/Users/Administrator/AppData/Local/Temp/neuro-book/fixtures/nbook-workspace-assets-ZRvLe2/workspace/codeact-test-1789839116777-f22cc58c44ef2/.nbook/history.sqlite: 14")
       at new Database (D:\MyProject\neuro-book\node_modules\libsql\index.js:95:17)
       at Sqlite3Client.#getDb (file:///D:/MyProject/neuro-book/node_modules/@libsql/client/lib-esm/sqlite3.js:207:24)
       at Sqlite3Client.execute (file:///D:/MyProject/neuro-book/node_modules/@libsql/client/lib-esm/sqlite3.js:83:39)
       at nameEndState (D:/MyProject/neuro-book/packages/nb-history/src/views.ts:183:29)
       at WorkspaceHistory.implicitReconcile (D:/MyProject/neuro-book/packages/nb-history/src/workspace-history.ts:830:41)
       at D:/MyProject/neuro-book/packages/nb-history/src/workspace-history.ts:304:41
       at runNextTicks (node:internal/process/task_queues:64:5)
       at listOnTimeout (node:internal/timers:547:9)
       at processTimers (node:internal/timers:521:7)
     code: '' } } workspace-history 单路径对账失败
[warn] { projectRoot: 'codeact-test-1789839116777-f22cc58c44ef2',
  path: 'world-engine/calendar.ts',
  error:
   { Error: ConnectionFailed("Unable to open connection to local database C:/Users/Administrator/AppData/Local/Temp/neuro-book/fixtures/nbook-workspace-assets-ZRvLe2/workspace/codeact-test-1789839116777-f22cc58c44ef2/.nbook/history.sqlite: 14")
       at new Database (D:\MyProject\neuro-book\node_modules\libsql\index.js:95:17)
       at Sqlite3Client.#getDb (file:///D:/MyProject/neuro-book/node_modules/@libsql/client/lib-esm/sqlite3.js:207:24)
       at Sqlite3Client.execute (file:///D:/MyProject/neuro-book/node_modules/@libsql/client/lib-esm/sqlite3.js:83:39)
       at nameEndState (D:/MyProject/neuro-book/packages/nb-history/src/views.ts:183:29)
       at WorkspaceHistory.implicitReconcile (D:/MyProject/neuro-book/packages/nb-history/src/workspace-history.ts:830:41)
       at D:/MyProject/neuro-book/packages/nb-history/src/workspace-history.ts:304:41
       at runNextTicks (node:internal/process/task_queues:64:5)
       at listOnTimeout (node:internal/timers:547:9)
       at processTimers (node:internal/timers:521:7)
     code: '' } } workspace-history 单路径对账失败
[warn] { projectRoot: 'codeact-test-1789839116777-f22cc58c44ef2',
  path: 'world-engine/schema/index.ts',
  error:
   { Error: ConnectionFailed("Unable to open connection to local database C:/Users/Administrator/AppData/Local/Temp/neuro-book/fixtures/nbook-workspace-assets-ZRvLe2/workspace/codeact-test-1789839116777-f22cc58c44ef2/.nbook/history.sqlite: 14")
       at new Database (D:\MyProject\neuro-book\node_modules\libsql\index.js:95:17)
       at Sqlite3Client.#getDb (file:///D:/MyProject/neuro-book/node_modules/@libsql/client/lib-esm/sqlite3.js:207:24)
       at Sqlite3Client.execute (file:///D:/MyProject/neuro-book/node_modules/@libsql/client/lib-esm/sqlite3.js:83:39)
       at nameEndState (D:/MyProject/neuro-book/packages/nb-history/src/views.ts:183:29)
       at WorkspaceHistory.implicitReconcile (D:/MyProject/neuro-book/packages/nb-history/src/workspace-history.ts:830:41)
       at D:/MyProject/neuro-book/packages/nb-history/src/workspace-history.ts:304:41
       at runNextTicks (node:internal/process/task_queues:64:5)
       at listOnTimeout (node:internal/timers:547:9)
       at processTimers (node:internal/timers:521:7)
     code: '' } } workspace-history 单路径对账失败
[warn] { projectRoot: 'codeact-test-1789839117607-539f0920e7ecb',
  path: 'world-engine/schema',
  error:
   { Error: ConnectionFailed("Unable to open connection to local database C:/Users/Administrator/AppData/Local/Temp/neuro-book/fixtures/nbook-workspace-assets-ZRvLe2/workspace/codeact-test-1789839117607-539f0920e7ecb/.nbook/history.sqlite: 14")
       at new Database (D:\MyProject\neuro-book\node_modules\libsql\index.js:95:17)
       at Sqlite3Client.#getDb (file:///D:/MyProject/neuro-book/node_modules/@libsql/client/lib-esm/sqlite3.js:207:24)
       at Sqlite3Client.execute (file:///D:/MyProject/neuro-book/node_modules/@libsql/client/lib-esm/sqlite3.js:83:39)
       at nameEndState (D:/MyProject/neuro-book/packages/nb-history/src/views.ts:183:29)
       at WorkspaceHistory.implicitReconcile (D:/MyProject/neuro-book/packages/nb-history/src/workspace-history.ts:830:41)
       at D:/MyProject/neuro-book/packages/nb-history/src/workspace-history.ts:304:41
       at runNextTicks (node:internal/process/task_queues:64:5)
       at listOnTimeout (node:internal/timers:547:9)
       at processTimers (node:internal/timers:521:7)
     code: '' } } workspace-history 单路径对账失败
[warn] { projectRoot: 'codeact-test-1789839117607-539f0920e7ecb',
  path: 'world-engine',
  error:
   { Error: ConnectionFailed("Unable to open connection to local database C:/Users/Administrator/AppData/Local/Temp/neuro-book/fixtures/nbook-workspace-assets-ZRvLe2/workspace/codeact-test-1789839117607-539f0920e7ecb/.nbook/history.sqlite: 14")
       at new Database (D:\MyProject\neuro-book\node_modules\libsql\index.js:95:17)
       at Sqlite3Client.#getDb (file:///D:/MyProject/neuro-book/node_modules/@libsql/client/lib-esm/sqlite3.js:207:24)
       at Sqlite3Client.execute (file:///D:/MyProject/neuro-book/node_modules/@libsql/client/lib-esm/sqlite3.js:83:39)
       at nameEndState (D:/MyProject/neuro-book/packages/nb-history/src/views.ts:183:29)
       at WorkspaceHistory.implicitReconcile (D:/MyProject/neuro-book/packages/nb-history/src/workspace-history.ts:830:41)
       at D:/MyProject/neuro-book/packages/nb-history/src/workspace-history.ts:304:41
       at runNextTicks (node:internal/process/task_queues:64:5)
       at listOnTimeout (node:internal/timers:547:9)
       at processTimers (node:internal/timers:521:7)
     code: '' } } workspace-history 单路径对账失败
[warn] { projectRoot: 'codeact-test-1789839117607-539f0920e7ecb',
  path: 'project.yaml',
  error:
   { Error: ConnectionFailed("Unable to open connection to local database C:/Users/Administrator/AppData/Local/Temp/neuro-book/fixtures/nbook-workspace-assets-ZRvLe2/workspace/codeact-test-1789839117607-539f0920e7ecb/.nbook/history.sqlite: 14")
       at new Database (D:\MyProject\neuro-book\node_modules\libsql\index.js:95:17)
       at Sqlite3Client.#getDb (file:///D:/MyProject/neuro-book/node_modules/@libsql/client/lib-esm/sqlite3.js:207:24)
       at Sqlite3Client.execute (file:///D:/MyProject/neuro-book/node_modules/@libsql/client/lib-esm/sqlite3.js:83:39)
       at nameEndState (D:/MyProject/neuro-book/packages/nb-history/src/views.ts:183:29)
       at WorkspaceHistory.implicitReconcile (D:/MyProject/neuro-book/packages/nb-history/src/workspace-history.ts:830:41)
       at D:/MyProject/neuro-book/packages/nb-history/src/workspace-history.ts:304:41
       at runNextTicks (node:internal/process/task_queues:64:5)
       at listOnTimeout (node:internal/timers:547:9)
       at processTimers (node:internal/timers:521:7)
     code: '' } } workspace-history 单路径对账失败
[warn] { projectRoot: 'codeact-test-1789839117607-539f0920e7ecb',
  path: 'world-engine/calendar.ts',
  error:
   { Error: ConnectionFailed("Unable to open connection to local database C:/Users/Administrator/AppData/Local/Temp/neuro-book/fixtures/nbook-workspace-assets-ZRvLe2/workspace/codeact-test-1789839117607-539f0920e7ecb/.nbook/history.sqlite: 14")
       at new Database (D:\MyProject\neuro-book\node_modules\libsql\index.js:95:17)
       at Sqlite3Client.#getDb (file:///D:/MyProject/neuro-book/node_modules/@libsql/client/lib-esm/sqlite3.js:207:24)
       at Sqlite3Client.execute (file:///D:/MyProject/neuro-book/node_modules/@libsql/client/lib-esm/sqlite3.js:83:39)
       at nameEndState (D:/MyProject/neuro-book/packages/nb-history/src/views.ts:183:29)
       at WorkspaceHistory.implicitReconcile (D:/MyProject/neuro-book/packages/nb-history/src/workspace-history.ts:830:41)
       at D:/MyProject/neuro-book/packages/nb-history/src/workspace-history.ts:304:41
       at runNextTicks (node:internal/process/task_queues:64:5)
       at listOnTimeout (node:internal/timers:547:9)
       at processTimers (node:internal/timers:521:7)
     code: '' } } workspace-history 单路径对账失败
[warn] { projectRoot: 'codeact-test-1789839117607-539f0920e7ecb',
  path: 'world-engine/schema/index.ts',
  error:
   { Error: ConnectionFailed("Unable to open connection to local database C:/Users/Administrator/AppData/Local/Temp/neuro-book/fixtures/nbook-workspace-assets-ZRvLe2/workspace/codeact-test-1789839117607-539f0920e7ecb/.nbook/history.sqlite: 14")
       at new Database (D:\MyProject\neuro-book\node_modules\libsql\index.js:95:17)
       at Sqlite3Client.#getDb (file:///D:/MyProject/neuro-book/node_modules/@libsql/client/lib-esm/sqlite3.js:207:24)
       at Sqlite3Client.execute (file:///D:/MyProject/neuro-book/node_modules/@libsql/client/lib-esm/sqlite3.js:83:39)
       at nameEndState (D:/MyProject/neuro-book/packages/nb-history/src/views.ts:183:29)
       at WorkspaceHistory.implicitReconcile (D:/MyProject/neuro-book/packages/nb-history/src/workspace-history.ts:830:41)
       at D:/MyProject/neuro-book/packages/nb-history/src/workspace-history.ts:304:41
       at runNextTicks (node:internal/process/task_queues:64:5)
       at listOnTimeout (node:internal/timers:547:9)
       at processTimers (node:internal/timers:521:7)
     code: '' } } workspace-history 单路径对账失败
[warn] { projectRoot: 'codeact-test-1789839123340-5691c44e86447',
  path: 'world-engine/schema',
  error:
   { Error: ConnectionFailed("Unable to open connection to local database C:/Users/Administrator/AppData/Local/Temp/neuro-book/fixtures/nbook-workspace-assets-ZRvLe2/workspace/codeact-test-1789839123340-5691c44e86447/.nbook/history.sqlite: 14")
       at new Database (D:\MyProject\neuro-book\node_modules\libsql\index.js:95:17)
       at Sqlite3Client.#getDb (file:///D:/MyProject/neuro-book/node_modules/@libsql/client/lib-esm/sqlite3.js:207:24)
       at Sqlite3Client.execute (file:///D:/MyProject/neuro-book/node_modules/@libsql/client/lib-esm/sqlite3.js:83:39)
       at nameEndState (D:/MyProject/neuro-book/packages/nb-history/src/views.ts:183:29)
       at WorkspaceHistory.implicitReconcile (D:/MyProject/neuro-book/packages/nb-history/src/workspace-history.ts:830:41)
       at D:/MyProject/neuro-book/packages/nb-history/src/workspace-history.ts:304:41
       at runNextTicks (node:internal/process/task_queues:64:5)
       at listOnTimeout (node:internal/timers:547:9)
       at processTimers (node:internal/timers:521:7)
     code: '' } } workspace-history 单路径对账失败
[warn] { projectRoot: 'codeact-test-1789839123340-5691c44e86447',
  path: 'world-engine',
  error:
   { Error: ConnectionFailed("Unable to open connection to local database C:/Users/Administrator/AppData/Local/Temp/neuro-book/fixtures/nbook-workspace-assets-ZRvLe2/workspace/codeact-test-1789839123340-5691c44e86447/.nbook/history.sqlite: 14")
       at new Database (D:\MyProject\neuro-book\node_modules\libsql\index.js:95:17)
       at Sqlite3Client.#getDb (file:///D:/MyProject/neuro-book/node_modules/@libsql/client/lib-esm/sqlite3.js:207:24)
       at Sqlite3Client.execute (file:///D:/MyProject/neuro-book/node_modules/@libsql/client/lib-esm/sqlite3.js:83:39)
       at nameEndState (D:/MyProject/neuro-book/packages/nb-history/src/views.ts:183:29)
       at WorkspaceHistory.implicitReconcile (D:/MyProject/neuro-book/packages/nb-history/src/workspace-history.ts:830:41)
       at D:/MyProject/neuro-book/packages/nb-history/src/workspace-history.ts:304:41
       at runNextTicks (node:internal/process/task_queues:64:5)
       at listOnTimeout (node:internal/timers:547:9)
       at processTimers (node:internal/timers:521:7)
     code: '' } } workspace-history 单路径对账失败
[warn] { projectRoot: 'codeact-test-1789839123340-5691c44e86447',
  path: 'project.yaml',
  error:
   { Error: ConnectionFailed("Unable to open connection to local database C:/Users/Administrator/AppData/Local/Temp/neuro-book/fixtures/nbook-workspace-assets-ZRvLe2/workspace/codeact-test-1789839123340-5691c44e86447/.nbook/history.sqlite: 14")
       at new Database (D:\MyProject\neuro-book\node_modules\libsql\index.js:95:17)
       at Sqlite3Client.#getDb (file:///D:/MyProject/neuro-book/node_modules/@libsql/client/lib-esm/sqlite3.js:207:24)
       at Sqlite3Client.execute (file:///D:/MyProject/neuro-book/node_modules/@libsql/client/lib-esm/sqlite3.js:83:39)
       at nameEndState (D:/MyProject/neuro-book/packages/nb-history/src/views.ts:183:29)
       at WorkspaceHistory.implicitReconcile (D:/MyProject/neuro-book/packages/nb-history/src/workspace-history.ts:830:41)
       at D:/MyProject/neuro-book/packages/nb-history/src/workspace-history.ts:304:41
       at runNextTicks (node:internal/process/task_queues:64:5)
       at listOnTimeout (node:internal/timers:547:9)
       at processTimers (node:internal/timers:521:7)
     code: '' } } workspace-history 单路径对账失败
[warn] { projectRoot: 'codeact-test-1789839123340-5691c44e86447',
  path: 'world-engine/calendar.ts',
  error:
   { Error: ConnectionFailed("Unable to open connection to local database C:/Users/Administrator/AppData/Local/Temp/neuro-book/fixtures/nbook-workspace-assets-ZRvLe2/workspace/codeact-test-1789839123340-5691c44e86447/.nbook/history.sqlite: 14")
       at new Database (D:\MyProject\neuro-book\node_modules\libsql\index.js:95:17)
       at Sqlite3Client.#getDb (file:///D:/MyProject/neuro-book/node_modules/@libsql/client/lib-esm/sqlite3.js:207:24)
       at Sqlite3Client.execute (file:///D:/MyProject/neuro-book/node_modules/@libsql/client/lib-esm/sqlite3.js:83:39)
       at nameEndState (D:/MyProject/neuro-book/packages/nb-history/src/views.ts:183:29)
       at WorkspaceHistory.implicitReconcile (D:/MyProject/neuro-book/packages/nb-history/src/workspace-history.ts:830:41)
       at D:/MyProject/neuro-book/packages/nb-history/src/workspace-history.ts:304:41
       at runNextTicks (node:internal/process/task_queues:64:5)
       at listOnTimeout (node:internal/timers:547:9)
       at processTimers (node:internal/timers:521:7)
     code: '' } } workspace-history 单路径对账失败
[warn] { projectRoot: 'codeact-test-1789839123340-5691c44e86447',
  path: 'world-engine/schema/index.ts',
  error:
   { Error: ConnectionFailed("Unable to open connection to local database C:/Users/Administrator/AppData/Local/Temp/neuro-book/fixtures/nbook-workspace-assets-ZRvLe2/workspace/codeact-test-1789839123340-5691c44e86447/.nbook/history.sqlite: 14")
       at new Database (D:\MyProject\neuro-book\node_modules\libsql\index.js:95:17)
       at Sqlite3Client.#getDb (file:///D:/MyProject/neuro-book/node_modules/@libsql/client/lib-esm/sqlite3.js:207:24)
       at Sqlite3Client.execute (file:///D:/MyProject/neuro-book/node_modules/@libsql/client/lib-esm/sqlite3.js:83:39)
       at nameEndState (D:/MyProject/neuro-book/packages/nb-history/src/views.ts:183:29)
       at WorkspaceHistory.implicitReconcile (D:/MyProject/neuro-book/packages/nb-history/src/workspace-history.ts:830:41)
       at D:/MyProject/neuro-book/packages/nb-history/src/workspace-history.ts:304:41
       at runNextTicks (node:internal/process/task_queues:64:5)
       at listOnTimeout (node:internal/timers:547:9)
       at processTimers (node:internal/timers:521:7)
     code: '' } } workspace-history 单路径对账失败
[warn] { projectRoot: 'codeact-test-1789839121720-919ded43897b7',
  path: 'world-engine/schema',
  error:
   { Error: ConnectionFailed("Unable to open connection to local database C:/Users/Administrator/AppData/Local/Temp/neuro-book/fixtures/nbook-workspace-assets-ZRvLe2/workspace/codeact-test-1789839121720-919ded43897b7/.nbook/history.sqlite: 14")
       at new Database (D:\MyProject\neuro-book\node_modules\libsql\index.js:95:17)
       at Sqlite3Client.#getDb (file:///D:/MyProject/neuro-book/node_modules/@libsql/client/lib-esm/sqlite3.js:207:24)
       at Sqlite3Client.execute (file:///D:/MyProject/neuro-book/node_modules/@libsql/client/lib-esm/sqlite3.js:83:39)
       at nameEndState (D:/MyProject/neuro-book/packages/nb-history/src/views.ts:183:29)
       at WorkspaceHistory.implicitReconcile (D:/MyProject/neuro-book/packages/nb-history/src/workspace-history.ts:830:41)
       at D:/MyProject/neuro-book/packages/nb-history/src/workspace-history.ts:304:41
       at runNextTicks (node:internal/process/task_queues:64:5)
       at listOnTimeout (node:internal/timers:547:9)
       at processTimers (node:internal/timers:521:7)
     code: '' } } workspace-history 单路径对账失败
[warn] { projectRoot: 'codeact-test-1789839121720-919ded43897b7',
  path: 'world-engine',
  error:
   { Error: ConnectionFailed("Unable to open connection to local database C:/Users/Administrator/AppData/Local/Temp/neuro-book/fixtures/nbook-workspace-assets-ZRvLe2/workspace/codeact-test-1789839121720-919ded43897b7/.nbook/history.sqlite: 14")
       at new Database (D:\MyProject\neuro-book\node_modules\libsql\index.js:95:17)
       at Sqlite3Client.#getDb (file:///D:/MyProject/neuro-book/node_modules/@libsql/client/lib-esm/sqlite3.js:207:24)
       at Sqlite3Client.execute (file:///D:/MyProject/neuro-book/node_modules/@libsql/client/lib-esm/sqlite3.js:83:39)
       at nameEndState (D:/MyProject/neuro-book/packages/nb-history/src/views.ts:183:29)
       at WorkspaceHistory.implicitReconcile (D:/MyProject/neuro-book/packages/nb-history/src/workspace-history.ts:830:41)
       at D:/MyProject/neuro-book/packages/nb-history/src/workspace-history.ts:304:41
       at runNextTicks (node:internal/process/task_queues:64:5)
       at listOnTimeout (node:internal/timers:547:9)
       at processTimers (node:internal/timers:521:7)
     code: '' } } workspace-history 单路径对账失败
[warn] { projectRoot: 'codeact-test-1789839121720-919ded43897b7',
  path: 'project.yaml',
  error:
   { Error: ConnectionFailed("Unable to open connection to local database C:/Users/Administrator/AppData/Local/Temp/neuro-book/fixtures/nbook-workspace-assets-ZRvLe2/workspace/codeact-test-1789839121720-919ded43897b7/.nbook/history.sqlite: 14")
       at new Database (D:\MyProject\neuro-book\node_modules\libsql\index.js:95:17)
       at Sqlite3Client.#getDb (file:///D:/MyProject/neuro-book/node_modules/@libsql/client/lib-esm/sqlite3.js:207:24)
       at Sqlite3Client.execute (file:///D:/MyProject/neuro-book/node_modules/@libsql/client/lib-esm/sqlite3.js:83:39)
       at nameEndState (D:/MyProject/neuro-book/packages/nb-history/src/views.ts:183:29)
       at WorkspaceHistory.implicitReconcile (D:/MyProject/neuro-book/packages/nb-history/src/workspace-history.ts:830:41)
       at D:/MyProject/neuro-book/packages/nb-history/src/workspace-history.ts:304:41
       at runNextTicks (node:internal/process/task_queues:64:5)
       at listOnTimeout (node:internal/timers:547:9)
       at processTimers (node:internal/timers:521:7)
     code: '' } } workspace-history 单路径对账失败
[warn] { projectRoot: 'codeact-test-1789839121720-919ded43897b7',
  path: 'world-engine/calendar.ts',
  error:
   { Error: ConnectionFailed("Unable to open connection to local database C:/Users/Administrator/AppData/Local/Temp/neuro-book/fixtures/nbook-workspace-assets-ZRvLe2/workspace/codeact-test-1789839121720-919ded43897b7/.nbook/history.sqlite: 14")
       at new Database (D:\MyProject\neuro-book\node_modules\libsql\index.js:95:17)
       at Sqlite3Client.#getDb (file:///D:/MyProject/neuro-book/node_modules/@libsql/client/lib-esm/sqlite3.js:207:24)
       at Sqlite3Client.execute (file:///D:/MyProject/neuro-book/node_modules/@libsql/client/lib-esm/sqlite3.js:83:39)
       at nameEndState (D:/MyProject/neuro-book/packages/nb-history/src/views.ts:183:29)
       at WorkspaceHistory.implicitReconcile (D:/MyProject/neuro-book/packages/nb-history/src/workspace-history.ts:830:41)
       at D:/MyProject/neuro-book/packages/nb-history/src/workspace-history.ts:304:41
       at runNextTicks (node:internal/process/task_queues:64:5)
       at listOnTimeout (node:internal/timers:547:9)
       at processTimers (node:internal/timers:521:7)
     code: '' } } workspace-history 单路径对账失败
[warn] { projectRoot: 'codeact-test-1789839121720-919ded43897b7',
  path: 'world-engine/schema/index.ts',
  error:
   { Error: ConnectionFailed("Unable to open connection to local database C:/Users/Administrator/AppData/Local/Temp/neuro-book/fixtures/nbook-workspace-assets-ZRvLe2/workspace/codeact-test-1789839121720-919ded43897b7/.nbook/history.sqlite: 14")
       at new Database (D:\MyProject\neuro-book\node_modules\libsql\index.js:95:17)
       at Sqlite3Client.#getDb (file:///D:/MyProject/neuro-book/node_modules/@libsql/client/lib-esm/sqlite3.js:207:24)
       at Sqlite3Client.execute (file:///D:/MyProject/neuro-book/node_modules/@libsql/client/lib-esm/sqlite3.js:83:39)
       at nameEndState (D:/MyProject/neuro-book/packages/nb-history/src/views.ts:183:29)
       at WorkspaceHistory.implicitReconcile (D:/MyProject/neuro-book/packages/nb-history/src/workspace-history.ts:830:41)
       at D:/MyProject/neuro-book/packages/nb-history/src/workspace-history.ts:304:41
       at runNextTicks (node:internal/process/task_queues:64:5)
       at listOnTimeout (node:internal/timers:547:9)
       at processTimers (node:internal/timers:521:7)
     code: '' } } workspace-history 单路径对账失败
[warn] { projectRoot: 'codeact-test-1789839120931-f4fe6c3268a65',
  path: 'world-engine/schema',
  error:
   { Error: ConnectionFailed("Unable to open connection to local database C:/Users/Administrator/AppData/Local/Temp/neuro-book/fixtures/nbook-workspace-assets-ZRvLe2/workspace/codeact-test-1789839120931-f4fe6c3268a65/.nbook/history.sqlite: 14")
       at new Database (D:\MyProject\neuro-book\node_modules\libsql\index.js:95:17)
       at Sqlite3Client.#getDb (file:///D:/MyProject/neuro-book/node_modules/@libsql/client/lib-esm/sqlite3.js:207:24)
       at Sqlite3Client.execute (file:///D:/MyProject/neuro-book/node_modules/@libsql/client/lib-esm/sqlite3.js:83:39)
       at nameEndState (D:/MyProject/neuro-book/packages/nb-history/src/views.ts:183:29)
       at WorkspaceHistory.implicitReconcile (D:/MyProject/neuro-book/packages/nb-history/src/workspace-history.ts:830:41)
       at D:/MyProject/neuro-book/packages/nb-history/src/workspace-history.ts:304:41
       at runNextTicks (node:internal/process/task_queues:64:5)
       at listOnTimeout (node:internal/timers:547:9)
       at processTimers (node:internal/timers:521:7)
     code: '' } } workspace-history 单路径对账失败
[warn] { projectRoot: 'codeact-test-1789839120931-f4fe6c3268a65',
  path: 'world-engine',
  error:
   { Error: ConnectionFailed("Unable to open connection to local database C:/Users/Administrator/AppData/Local/Temp/neuro-book/fixtures/nbook-workspace-assets-ZRvLe2/workspace/codeact-test-1789839120931-f4fe6c3268a65/.nbook/history.sqlite: 14")
       at new Database (D:\MyProject\neuro-book\node_modules\libsql\index.js:95:17)
       at Sqlite3Client.#getDb (file:///D:/MyProject/neuro-book/node_modules/@libsql/client/lib-esm/sqlite3.js:207:24)
       at Sqlite3Client.execute (file:///D:/MyProject/neuro-book/node_modules/@libsql/client/lib-esm/sqlite3.js:83:39)
       at nameEndState (D:/MyProject/neuro-book/packages/nb-history/src/views.ts:183:29)
       at WorkspaceHistory.implicitReconcile (D:/MyProject/neuro-book/packages/nb-history/src/workspace-history.ts:830:41)
       at D:/MyProject/neuro-book/packages/nb-history/src/workspace-history.ts:304:41
       at runNextTicks (node:internal/process/task_queues:64:5)
       at listOnTimeout (node:internal/timers:547:9)
       at processTimers (node:internal/timers:521:7)
     code: '' } } workspace-history 单路径对账失败
[warn] { projectRoot: 'codeact-test-1789839120931-f4fe6c3268a65',
  path: 'project.yaml',
  error:
   { Error: ConnectionFailed("Unable to open connection to local database C:/Users/Administrator/AppData/Local/Temp/neuro-book/fixtures/nbook-workspace-assets-ZRvLe2/workspace/codeact-test-1789839120931-f4fe6c3268a65/.nbook/history.sqlite: 14")
       at new Database (D:\MyProject\neuro-book\node_modules\libsql\index.js:95:17)
       at Sqlite3Client.#getDb (file:///D:/MyProject/neuro-book/node_modules/@libsql/client/lib-esm/sqlite3.js:207:24)
       at Sqlite3Client.execute (file:///D:/MyProject/neuro-book/node_modules/@libsql/client/lib-esm/sqlite3.js:83:39)
       at nameEndState (D:/MyProject/neuro-book/packages/nb-history/src/views.ts:183:29)
       at WorkspaceHistory.implicitReconcile (D:/MyProject/neuro-book/packages/nb-history/src/workspace-history.ts:830:41)
       at D:/MyProject/neuro-book/packages/nb-history/src/workspace-history.ts:304:41
       at runNextTicks (node:internal/process/task_queues:64:5)
       at listOnTimeout (node:internal/timers:547:9)
       at processTimers (node:internal/timers:521:7)
     code: '' } } workspace-history 单路径对账失败
[warn] { projectRoot: 'codeact-test-1789839120931-f4fe6c3268a65',
  path: 'world-engine/calendar.ts',
  error:
   { Error: ConnectionFailed("Unable to open connection to local database C:/Users/Administrator/AppData/Local/Temp/neuro-book/fixtures/nbook-workspace-assets-ZRvLe2/workspace/codeact-test-1789839120931-f4fe6c3268a65/.nbook/history.sqlite: 14")
       at new Database (D:\MyProject\neuro-book\node_modules\libsql\index.js:95:17)
       at Sqlite3Client.#getDb (file:///D:/MyProject/neuro-book/node_modules/@libsql/client/lib-esm/sqlite3.js:207:24)
       at Sqlite3Client.execute (file:///D:/MyProject/neuro-book/node_modules/@libsql/client/lib-esm/sqlite3.js:83:39)
       at nameEndState (D:/MyProject/neuro-book/packages/nb-history/src/views.ts:183:29)
       at WorkspaceHistory.implicitReconcile (D:/MyProject/neuro-book/packages/nb-history/src/workspace-history.ts:830:41)
       at D:/MyProject/neuro-book/packages/nb-history/src/workspace-history.ts:304:41
       at runNextTicks (node:internal/process/task_queues:64:5)
       at listOnTimeout (node:internal/timers:547:9)
       at processTimers (node:internal/timers:521:7)
     code: '' } } workspace-history 单路径对账失败
[warn] { projectRoot: 'codeact-test-1789839120931-f4fe6c3268a65',
  path: 'world-engine/schema/index.ts',
  error:
   { Error: ConnectionFailed("Unable to open connection to local database C:/Users/Administrator/AppData/Local/Temp/neuro-book/fixtures/nbook-workspace-assets-ZRvLe2/workspace/codeact-test-1789839120931-f4fe6c3268a65/.nbook/history.sqlite: 14")
       at new Database (D:\MyProject\neuro-book\node_modules\libsql\index.js:95:17)
       at Sqlite3Client.#getDb (file:///D:/MyProject/neuro-book/node_modules/@libsql/client/lib-esm/sqlite3.js:207:24)
       at Sqlite3Client.execute (file:///D:/MyProject/neuro-book/node_modules/@libsql/client/lib-esm/sqlite3.js:83:39)
       at nameEndState (D:/MyProject/neuro-book/packages/nb-history/src/views.ts:183:29)
       at WorkspaceHistory.implicitReconcile (D:/MyProject/neuro-book/packages/nb-history/src/workspace-history.ts:830:41)
       at D:/MyProject/neuro-book/packages/nb-history/src/workspace-history.ts:304:41
       at runNextTicks (node:internal/process/task_queues:64:5)
       at listOnTimeout (node:internal/timers:547:9)
       at processTimers (node:internal/timers:521:7)
     code: '' } } workspace-history 单路径对账失败
[warn] { projectRoot: 'codeact-test-1789839119235-61ae59a1b1703',
  path: 'world-engine/schema',
  error:
   { Error: ConnectionFailed("Unable to open connection to local database C:/Users/Administrator/AppData/Local/Temp/neuro-book/fixtures/nbook-workspace-assets-ZRvLe2/workspace/codeact-test-1789839119235-61ae59a1b1703/.nbook/history.sqlite: 14")
       at new Database (D:\MyProject\neuro-book\node_modules\libsql\index.js:95:17)
       at Sqlite3Client.#getDb (file:///D:/MyProject/neuro-book/node_modules/@libsql/client/lib-esm/sqlite3.js:207:24)
       at Sqlite3Client.execute (file:///D:/MyProject/neuro-book/node_modules/@libsql/client/lib-esm/sqlite3.js:83:39)
       at nameEndState (D:/MyProject/neuro-book/packages/nb-history/src/views.ts:183:29)
       at WorkspaceHistory.implicitReconcile (D:/MyProject/neuro-book/packages/nb-history/src/workspace-history.ts:830:41)
       at D:/MyProject/neuro-book/packages/nb-history/src/workspace-history.ts:304:41
       at runNextTicks (node:internal/process/task_queues:64:5)
       at listOnTimeout (node:internal/timers:547:9)
       at processTimers (node:internal/timers:521:7)
     code: '' } } workspace-history 单路径对账失败
[warn] { projectRoot: 'codeact-test-1789839119235-61ae59a1b1703',
  path: 'world-engine',
  error:
   { Error: ConnectionFailed("Unable to open connection to local database C:/Users/Administrator/AppData/Local/Temp/neuro-book/fixtures/nbook-workspace-assets-ZRvLe2/workspace/codeact-test-1789839119235-61ae59a1b1703/.nbook/history.sqlite: 14")
       at new Database (D:\MyProject\neuro-book\node_modules\libsql\index.js:95:17)
       at Sqlite3Client.#getDb (file:///D:/MyProject/neuro-book/node_modules/@libsql/client/lib-esm/sqlite3.js:207:24)
       at Sqlite3Client.execute (file:///D:/MyProject/neuro-book/node_modules/@libsql/client/lib-esm/sqlite3.js:83:39)
       at nameEndState (D:/MyProject/neuro-book/packages/nb-history/src/views.ts:183:29)
       at WorkspaceHistory.implicitReconcile (D:/MyProject/neuro-book/packages/nb-history/src/workspace-history.ts:830:41)
       at D:/MyProject/neuro-book/packages/nb-history/src/workspace-history.ts:304:41
       at runNextTicks (node:internal/process/task_queues:64:5)
       at listOnTimeout (node:internal/timers:547:9)
       at processTimers (node:internal/timers:521:7)
     code: '' } } workspace-history 单路径对账失败
[warn] { projectRoot: 'codeact-test-1789839119235-61ae59a1b1703',
  path: 'project.yaml',
  error:
   { Error: ConnectionFailed("Unable to open connection to local database C:/Users/Administrator/AppData/Local/Temp/neuro-book/fixtures/nbook-workspace-assets-ZRvLe2/workspace/codeact-test-1789839119235-61ae59a1b1703/.nbook/history.sqlite: 14")
       at new Database (D:\MyProject\neuro-book\node_modules\libsql\index.js:95:17)
       at Sqlite3Client.#getDb (file:///D:/MyProject/neuro-book/node_modules/@libsql/client/lib-esm/sqlite3.js:207:24)
       at Sqlite3Client.execute (file:///D:/MyProject/neuro-book/node_modules/@libsql/client/lib-esm/sqlite3.js:83:39)
       at nameEndState (D:/MyProject/neuro-book/packages/nb-history/src/views.ts:183:29)
       at WorkspaceHistory.implicitReconcile (D:/MyProject/neuro-book/packages/nb-history/src/workspace-history.ts:830:41)
       at D:/MyProject/neuro-book/packages/nb-history/src/workspace-history.ts:304:41
       at runNextTicks (node:internal/process/task_queues:64:5)
       at listOnTimeout (node:internal/timers:547:9)
       at processTimers (node:internal/timers:521:7)
     code: '' } } workspace-history 单路径对账失败
[warn] { projectRoot: 'codeact-test-1789839119235-61ae59a1b1703',
  path: 'world-engine/calendar.ts',
  error:
   { Error: ConnectionFailed("Unable to open connection to local database C:/Users/Administrator/AppData/Local/Temp/neuro-book/fixtures/nbook-workspace-assets-ZRvLe2/workspace/codeact-test-1789839119235-61ae59a1b1703/.nbook/history.sqlite: 14")
       at new Database (D:\MyProject\neuro-book\node_modules\libsql\index.js:95:17)
       at Sqlite3Client.#getDb (file:///D:/MyProject/neuro-book/node_modules/@libsql/client/lib-esm/sqlite3.js:207:24)
       at Sqlite3Client.execute (file:///D:/MyProject/neuro-book/node_modules/@libsql/client/lib-esm/sqlite3.js:83:39)
       at nameEndState (D:/MyProject/neuro-book/packages/nb-history/src/views.ts:183:29)
       at WorkspaceHistory.implicitReconcile (D:/MyProject/neuro-book/packages/nb-history/src/workspace-history.ts:830:41)
       at D:/MyProject/neuro-book/packages/nb-history/src/workspace-history.ts:304:41
       at runNextTicks (node:internal/process/task_queues:64:5)
       at listOnTimeout (node:internal/timers:547:9)
       at processTimers (node:internal/timers:521:7)
     code: '' } } workspace-history 单路径对账失败
[warn] { projectRoot: 'codeact-test-1789839119235-61ae59a1b1703',
  path: 'world-engine/schema/index.ts',
  error:
   { Error: ConnectionFailed("Unable to open connection to local database C:/Users/Administrator/AppData/Local/Temp/neuro-book/fixtures/nbook-workspace-assets-ZRvLe2/workspace/codeact-test-1789839119235-61ae59a1b1703/.nbook/history.sqlite: 14")
       at new Database (D:\MyProject\neuro-book\node_modules\libsql\index.js:95:17)
       at Sqlite3Client.#getDb (file:///D:/MyProject/neuro-book/node_modules/@libsql/client/lib-esm/sqlite3.js:207:24)
       at Sqlite3Client.execute (file:///D:/MyProject/neuro-book/node_modules/@libsql/client/lib-esm/sqlite3.js:83:39)
       at nameEndState (D:/MyProject/neuro-book/packages/nb-history/src/views.ts:183:29)
       at WorkspaceHistory.implicitReconcile (D:/MyProject/neuro-book/packages/nb-history/src/workspace-history.ts:830:41)
       at D:/MyProject/neuro-book/packages/nb-history/src/workspace-history.ts:304:41
       at runNextTicks (node:internal/process/task_queues:64:5)
       at listOnTimeout (node:internal/timers:547:9)
       at processTimers (node:internal/timers:521:7)
     code: '' } } workspace-history 单路径对账失败
[warn] { projectRoot: 'codeact-test-1789839118421-68f4105e42431',
  path: 'world-engine/schema',
  error:
   { Error: ConnectionFailed("Unable to open connection to local database C:/Users/Administrator/AppData/Local/Temp/neuro-book/fixtures/nbook-workspace-assets-ZRvLe2/workspace/codeact-test-1789839118421-68f4105e42431/.nbook/history.sqlite: 14")
       at new Database (D:\MyProject\neuro-book\node_modules\libsql\index.js:95:17)
       at Sqlite3Client.#getDb (file:///D:/MyProject/neuro-book/node_modules/@libsql/client/lib-esm/sqlite3.js:207:24)
       at Sqlite3Client.execute (file:///D:/MyProject/neuro-book/node_modules/@libsql/client/lib-esm/sqlite3.js:83:39)
       at nameEndState (D:/MyProject/neuro-book/packages/nb-history/src/views.ts:183:29)
       at WorkspaceHistory.implicitReconcile (D:/MyProject/neuro-book/packages/nb-history/src/workspace-history.ts:830:41)
       at D:/MyProject/neuro-book/packages/nb-history/src/workspace-history.ts:304:41
     code: '' } } workspace-history 单路径对账失败
[warn] { projectRoot: 'codeact-test-1789839118421-68f4105e42431',
  path: 'world-engine',
  error:
   { Error: ConnectionFailed("Unable to open connection to local database C:/Users/Administrator/AppData/Local/Temp/neuro-book/fixtures/nbook-workspace-assets-ZRvLe2/workspace/codeact-test-1789839118421-68f4105e42431/.nbook/history.sqlite: 14")
       at new Database (D:\MyProject\neuro-book\node_modules\libsql\index.js:95:17)
       at Sqlite3Client.#getDb (file:///D:/MyProject/neuro-book/node_modules/@libsql/client/lib-esm/sqlite3.js:207:24)
       at Sqlite3Client.execute (file:///D:/MyProject/neuro-book/node_modules/@libsql/client/lib-esm/sqlite3.js:83:39)
       at nameEndState (D:/MyProject/neuro-book/packages/nb-history/src/views.ts:183:29)
       at WorkspaceHistory.implicitReconcile (D:/MyProject/neuro-book/packages/nb-history/src/workspace-history.ts:830:41)
       at D:/MyProject/neuro-book/packages/nb-history/src/workspace-history.ts:304:41
     code: '' } } workspace-history 单路径对账失败
[warn] { projectRoot: 'codeact-test-1789839118421-68f4105e42431',
  path: 'project.yaml',
  error:
   { Error: ConnectionFailed("Unable to open connection to local database C:/Users/Administrator/AppData/Local/Temp/neuro-book/fixtures/nbook-workspace-assets-ZRvLe2/workspace/codeact-test-1789839118421-68f4105e42431/.nbook/history.sqlite: 14")
       at new Database (D:\MyProject\neuro-book\node_modules\libsql\index.js:95:17)
       at Sqlite3Client.#getDb (file:///D:/MyProject/neuro-book/node_modules/@libsql/client/lib-esm/sqlite3.js:207:24)
       at Sqlite3Client.execute (file:///D:/MyProject/neuro-book/node_modules/@libsql/client/lib-esm/sqlite3.js:83:39)
       at nameEndState (D:/MyProject/neuro-book/packages/nb-history/src/views.ts:183:29)
       at WorkspaceHistory.implicitReconcile (D:/MyProject/neuro-book/packages/nb-history/src/workspace-history.ts:830:41)
       at D:/MyProject/neuro-book/packages/nb-history/src/workspace-history.ts:304:41
     code: '' } } workspace-history 单路径对账失败
[warn] { projectRoot: 'codeact-test-1789839118421-68f4105e42431',
  path: 'world-engine/calendar.ts',
  error:
   { Error: ConnectionFailed("Unable to open connection to local database C:/Users/Administrator/AppData/Local/Temp/neuro-book/fixtures/nbook-workspace-assets-ZRvLe2/workspace/codeact-test-1789839118421-68f4105e42431/.nbook/history.sqlite: 14")
       at new Database (D:\MyProject\neuro-book\node_modules\libsql\index.js:95:17)
       at Sqlite3Client.#getDb (file:///D:/MyProject/neuro-book/node_modules/@libsql/client/lib-esm/sqlite3.js:207:24)
       at Sqlite3Client.execute (file:///D:/MyProject/neuro-book/node_modules/@libsql/client/lib-esm/sqlite3.js:83:39)
       at nameEndState (D:/MyProject/neuro-book/packages/nb-history/src/views.ts:183:29)
       at WorkspaceHistory.implicitReconcile (D:/MyProject/neuro-book/packages/nb-history/src/workspace-history.ts:830:41)
       at D:/MyProject/neuro-book/packages/nb-history/src/workspace-history.ts:304:41
     code: '' } } workspace-history 单路径对账失败
[warn] { projectRoot: 'codeact-test-1789839118421-68f4105e42431',
  path: 'world-engine/schema/index.ts',
  error:
   { Error: ConnectionFailed("Unable to open connection to local database C:/Users/Administrator/AppData/Local/Temp/neuro-book/fixtures/nbook-workspace-assets-ZRvLe2/workspace/codeact-test-1789839118421-68f4105e42431/.nbook/history.sqlite: 14")
       at new Database (D:\MyProject\neuro-book\node_modules\libsql\index.js:95:17)
       at Sqlite3Client.#getDb (file:///D:/MyProject/neuro-book/node_modules/@libsql/client/lib-esm/sqlite3.js:207:24)
       at Sqlite3Client.execute (file:///D:/MyProject/neuro-book/node_modules/@libsql/client/lib-esm/sqlite3.js:83:39)
       at nameEndState (D:/MyProject/neuro-book/packages/nb-history/src/views.ts:183:29)
       at WorkspaceHistory.implicitReconcile (D:/MyProject/neuro-book/packages/nb-history/src/workspace-history.ts:830:41)
       at D:/MyProject/neuro-book/packages/nb-history/src/workspace-history.ts:304:41
     code: '' } } workspace-history 单路径对账失败
[warn] { projectRoot: 'codeact-test-1789839122502-cf6bc7a09880d',
  path: 'world-engine/schema',
  error:
   { Error: ConnectionFailed("Unable to open connection to local database C:/Users/Administrator/AppData/Local/Temp/neuro-book/fixtures/nbook-workspace-assets-ZRvLe2/workspace/codeact-test-1789839122502-cf6bc7a09880d/.nbook/history.sqlite: 14")
       at new Database (D:\MyProject\neuro-book\node_modules\libsql\index.js:95:17)
       at Sqlite3Client.#getDb (file:///D:/MyProject/neuro-book/node_modules/@libsql/client/lib-esm/sqlite3.js:207:24)
       at Sqlite3Client.execute (file:///D:/MyProject/neuro-book/node_modules/@libsql/client/lib-esm/sqlite3.js:83:39)
       at nameEndState (D:/MyProject/neuro-book/packages/nb-history/src/views.ts:183:29)
       at WorkspaceHistory.implicitReconcile (D:/MyProject/neuro-book/packages/nb-history/src/workspace-history.ts:830:41)
       at D:/MyProject/neuro-book/packages/nb-history/src/workspace-history.ts:304:41
       at runNextTicks (node:internal/process/task_queues:64:5)
       at listOnTimeout (node:internal/timers:547:9)
       at processTimers (node:internal/timers:521:7)
     code: '' } } workspace-history 单路径对账失败
[warn] { projectRoot: 'codeact-test-1789839122502-cf6bc7a09880d',
  path: 'world-engine',
  error:
   { Error: ConnectionFailed("Unable to open connection to local database C:/Users/Administrator/AppData/Local/Temp/neuro-book/fixtures/nbook-workspace-assets-ZRvLe2/workspace/codeact-test-1789839122502-cf6bc7a09880d/.nbook/history.sqlite: 14")
       at new Database (D:\MyProject\neuro-book\node_modules\libsql\index.js:95:17)
       at Sqlite3Client.#getDb (file:///D:/MyProject/neuro-book/node_modules/@libsql/client/lib-esm/sqlite3.js:207:24)
       at Sqlite3Client.execute (file:///D:/MyProject/neuro-book/node_modules/@libsql/client/lib-esm/sqlite3.js:83:39)
       at nameEndState (D:/MyProject/neuro-book/packages/nb-history/src/views.ts:183:29)
       at WorkspaceHistory.implicitReconcile (D:/MyProject/neuro-book/packages/nb-history/src/workspace-history.ts:830:41)
       at D:/MyProject/neuro-book/packages/nb-history/src/workspace-history.ts:304:41
       at runNextTicks (node:internal/process/task_queues:64:5)
       at listOnTimeout (node:internal/timers:547:9)
       at processTimers (node:internal/timers:521:7)
     code: '' } } workspace-history 单路径对账失败
[warn] { projectRoot: 'codeact-test-1789839122502-cf6bc7a09880d',
  path: 'project.yaml',
  error:
   { Error: ConnectionFailed("Unable to open connection to local database C:/Users/Administrator/AppData/Local/Temp/neuro-book/fixtures/nbook-workspace-assets-ZRvLe2/workspace/codeact-test-1789839122502-cf6bc7a09880d/.nbook/history.sqlite: 14")
       at new Database (D:\MyProject\neuro-book\node_modules\libsql\index.js:95:17)
       at Sqlite3Client.#getDb (file:///D:/MyProject/neuro-book/node_modules/@libsql/client/lib-esm/sqlite3.js:207:24)
       at Sqlite3Client.execute (file:///D:/MyProject/neuro-book/node_modules/@libsql/client/lib-esm/sqlite3.js:83:39)
       at nameEndState (D:/MyProject/neuro-book/packages/nb-history/src/views.ts:183:29)
       at WorkspaceHistory.implicitReconcile (D:/MyProject/neuro-book/packages/nb-history/src/workspace-history.ts:830:41)
       at D:/MyProject/neuro-book/packages/nb-history/src/workspace-history.ts:304:41
       at runNextTicks (node:internal/process/task_queues:64:5)
       at listOnTimeout (node:internal/timers:547:9)
       at processTimers (node:internal/timers:521:7)
     code: '' } } workspace-history 单路径对账失败
[warn] { projectRoot: 'codeact-test-1789839122502-cf6bc7a09880d',
  path: 'world-engine/calendar.ts',
  error:
   { Error: ConnectionFailed("Unable to open connection to local database C:/Users/Administrator/AppData/Local/Temp/neuro-book/fixtures/nbook-workspace-assets-ZRvLe2/workspace/codeact-test-1789839122502-cf6bc7a09880d/.nbook/history.sqlite: 14")
       at new Database (D:\MyProject\neuro-book\node_modules\libsql\index.js:95:17)
       at Sqlite3Client.#getDb (file:///D:/MyProject/neuro-book/node_modules/@libsql/client/lib-esm/sqlite3.js:207:24)
       at Sqlite3Client.execute (file:///D:/MyProject/neuro-book/node_modules/@libsql/client/lib-esm/sqlite3.js:83:39)
       at nameEndState (D:/MyProject/neuro-book/packages/nb-history/src/views.ts:183:29)
       at WorkspaceHistory.implicitReconcile (D:/MyProject/neuro-book/packages/nb-history/src/workspace-history.ts:830:41)
       at D:/MyProject/neuro-book/packages/nb-history/src/workspace-history.ts:304:41
       at runNextTicks (node:internal/process/task_queues:64:5)
       at listOnTimeout (node:internal/timers:547:9)
       at processTimers (node:internal/timers:521:7)
     code: '' } } workspace-history 单路径对账失败
[warn] { projectRoot: 'codeact-test-1789839122502-cf6bc7a09880d',
  path: 'world-engine/schema/index.ts',
  error:
   { Error: ConnectionFailed("Unable to open connection to local database C:/Users/Administrator/AppData/Local/Temp/neuro-book/fixtures/nbook-workspace-assets-ZRvLe2/workspace/codeact-test-1789839122502-cf6bc7a09880d/.nbook/history.sqlite: 14")
       at new Database (D:\MyProject\neuro-book\node_modules\libsql\index.js:95:17)
       at Sqlite3Client.#getDb (file:///D:/MyProject/neuro-book/node_modules/@libsql/client/lib-esm/sqlite3.js:207:24)
       at Sqlite3Client.execute (file:///D:/MyProject/neuro-book/node_modules/@libsql/client/lib-esm/sqlite3.js:83:39)
       at nameEndState (D:/MyProject/neuro-book/packages/nb-history/src/views.ts:183:29)
       at WorkspaceHistory.implicitReconcile (D:/MyProject/neuro-book/packages/nb-history/src/workspace-history.ts:830:41)
       at D:/MyProject/neuro-book/packages/nb-history/src/workspace-history.ts:304:41
       at runNextTicks (node:internal/process/task_queues:64:5)
       at listOnTimeout (node:internal/timers:547:9)
       at processTimers (node:internal/timers:521:7)
     code: '' } } workspace-history 单路径对账失败
[warn] { projectRoot: 'codeact-test-1789839120076-82d365a68086c',
  path: 'world-engine/schema',
  error:
   { Error: ConnectionFailed("Unable to open connection to local database C:/Users/Administrator/AppData/Local/Temp/neuro-book/fixtures/nbook-workspace-assets-ZRvLe2/workspace/codeact-test-1789839120076-82d365a68086c/.nbook/history.sqlite: 14")
       at new Database (D:\MyProject\neuro-book\node_modules\libsql\index.js:95:17)
       at Sqlite3Client.#getDb (file:///D:/MyProject/neuro-book/node_modules/@libsql/client/lib-esm/sqlite3.js:207:24)
       at Sqlite3Client.execute (file:///D:/MyProject/neuro-book/node_modules/@libsql/client/lib-esm/sqlite3.js:83:39)
       at nameEndState (D:/MyProject/neuro-book/packages/nb-history/src/views.ts:183:29)
       at WorkspaceHistory.implicitReconcile (D:/MyProject/neuro-book/packages/nb-history/src/workspace-history.ts:830:41)
       at D:/MyProject/neuro-book/packages/nb-history/src/workspace-history.ts:304:41
       at runNextTicks (node:internal/process/task_queues:64:5)
       at listOnTimeout (node:internal/timers:547:9)
       at processTimers (node:internal/timers:521:7)
     code: '' } } workspace-history 单路径对账失败
[warn] { projectRoot: 'codeact-test-1789839120076-82d365a68086c',
  path: 'world-engine',
  error:
   { Error: ConnectionFailed("Unable to open connection to local database C:/Users/Administrator/AppData/Local/Temp/neuro-book/fixtures/nbook-workspace-assets-ZRvLe2/workspace/codeact-test-1789839120076-82d365a68086c/.nbook/history.sqlite: 14")
       at new Database (D:\MyProject\neuro-book\node_modules\libsql\index.js:95:17)
       at Sqlite3Client.#getDb (file:///D:/MyProject/neuro-book/node_modules/@libsql/client/lib-esm/sqlite3.js:207:24)
       at Sqlite3Client.execute (file:///D:/MyProject/neuro-book/node_modules/@libsql/client/lib-esm/sqlite3.js:83:39)
       at nameEndState (D:/MyProject/neuro-book/packages/nb-history/src/views.ts:183:29)
       at WorkspaceHistory.implicitReconcile (D:/MyProject/neuro-book/packages/nb-history/src/workspace-history.ts:830:41)
       at D:/MyProject/neuro-book/packages/nb-history/src/workspace-history.ts:304:41
       at runNextTicks (node:internal/process/task_queues:64:5)
       at listOnTimeout (node:internal/timers:547:9)
       at processTimers (node:internal/timers:521:7)
     code: '' } } workspace-history 单路径对账失败
[warn] { projectRoot: 'codeact-test-1789839120076-82d365a68086c',
  path: 'project.yaml',
  error:
   { Error: ConnectionFailed("Unable to open connection to local database C:/Users/Administrator/AppData/Local/Temp/neuro-book/fixtures/nbook-workspace-assets-ZRvLe2/workspace/codeact-test-1789839120076-82d365a68086c/.nbook/history.sqlite: 14")
       at new Database (D:\MyProject\neuro-book\node_modules\libsql\index.js:95:17)
       at Sqlite3Client.#getDb (file:///D:/MyProject/neuro-book/node_modules/@libsql/client/lib-esm/sqlite3.js:207:24)
       at Sqlite3Client.execute (file:///D:/MyProject/neuro-book/node_modules/@libsql/client/lib-esm/sqlite3.js:83:39)
       at nameEndState (D:/MyProject/neuro-book/packages/nb-history/src/views.ts:183:29)
       at WorkspaceHistory.implicitReconcile (D:/MyProject/neuro-book/packages/nb-history/src/workspace-history.ts:830:41)
       at D:/MyProject/neuro-book/packages/nb-history/src/workspace-history.ts:304:41
       at runNextTicks (node:internal/process/task_queues:64:5)
       at listOnTimeout (node:internal/timers:547:9)
       at processTimers (node:internal/timers:521:7)
     code: '' } } workspace-history 单路径对账失败
[warn] { projectRoot: 'codeact-test-1789839120076-82d365a68086c',
  path: 'world-engine/calendar.ts',
  error:
   { Error: ConnectionFailed("Unable to open connection to local database C:/Users/Administrator/AppData/Local/Temp/neuro-book/fixtures/nbook-workspace-assets-ZRvLe2/workspace/codeact-test-1789839120076-82d365a68086c/.nbook/history.sqlite: 14")
       at new Database (D:\MyProject\neuro-book\node_modules\libsql\index.js:95:17)
       at Sqlite3Client.#getDb (file:///D:/MyProject/neuro-book/node_modules/@libsql/client/lib-esm/sqlite3.js:207:24)
       at Sqlite3Client.execute (file:///D:/MyProject/neuro-book/node_modules/@libsql/client/lib-esm/sqlite3.js:83:39)
       at nameEndState (D:/MyProject/neuro-book/packages/nb-history/src/views.ts:183:29)
       at WorkspaceHistory.implicitReconcile (D:/MyProject/neuro-book/packages/nb-history/src/workspace-history.ts:830:41)
       at D:/MyProject/neuro-book/packages/nb-history/src/workspace-history.ts:304:41
       at runNextTicks (node:internal/process/task_queues:64:5)
       at listOnTimeout (node:internal/timers:547:9)
       at processTimers (node:internal/timers:521:7)
     code: '' } } workspace-history 单路径对账失败
[warn] { projectRoot: 'codeact-test-1789839120076-82d365a68086c',
  path: 'world-engine/schema/index.ts',
  error:
   { Error: ConnectionFailed("Unable to open connection to local database C:/Users/Administrator/AppData/Local/Temp/neuro-book/fixtures/nbook-workspace-assets-ZRvLe2/workspace/codeact-test-1789839120076-82d365a68086c/.nbook/history.sqlite: 14")
       at new Database (D:\MyProject\neuro-book\node_modules\libsql\index.js:95:17)
       at Sqlite3Client.#getDb (file:///D:/MyProject/neuro-book/node_modules/@libsql/client/lib-esm/sqlite3.js:207:24)
       at Sqlite3Client.execute (file:///D:/MyProject/neuro-book/node_modules/@libsql/client/lib-esm/sqlite3.js:83:39)
       at nameEndState (D:/MyProject/neuro-book/packages/nb-history/src/views.ts:183:29)
       at WorkspaceHistory.implicitReconcile (D:/MyProject/neuro-book/packages/nb-history/src/workspace-history.ts:830:41)
       at D:/MyProject/neuro-book/packages/nb-history/src/workspace-history.ts:304:41
       at runNextTicks (node:internal/process/task_queues:64:5)
       at listOnTimeout (node:internal/timers:547:9)
       at processTimers (node:internal/timers:521:7)
     code: '' } } workspace-history 单路径对账失败
[warn] { projectRoot: 'codeact-test-1789839112638-06b4c1033968a',
  path: 'world-engine/schema',
  error:
   { Error: ConnectionFailed("Unable to open connection to local database C:/Users/Administrator/AppData/Local/Temp/neuro-book/fixtures/nbook-workspace-assets-ZRvLe2/workspace/codeact-test-1789839112638-06b4c1033968a/.nbook/history.sqlite: 14")
       at new Database (D:\MyProject\neuro-book\node_modules\libsql\index.js:95:17)
       at Sqlite3Client.#getDb (file:///D:/MyProject/neuro-book/node_modules/@libsql/client/lib-esm/sqlite3.js:207:24)
       at Sqlite3Client.execute (file:///D:/MyProject/neuro-book/node_modules/@libsql/client/lib-esm/sqlite3.js:83:39)
       at nameEndState (D:/MyProject/neuro-book/packages/nb-history/src/views.ts:183:29)
       at WorkspaceHistory.implicitReconcile (D:/MyProject/neuro-book/packages/nb-history/src/workspace-history.ts:830:41)
       at D:/MyProject/neuro-book/packages/nb-history/src/workspace-history.ts:304:41
       at runNextTicks (node:internal/process/task_queues:64:5)
       at listOnTimeout (node:internal/timers:547:9)
       at processTimers (node:internal/timers:521:7)
     code: '' } } workspace-history 单路径对账失败
[warn] { projectRoot: 'codeact-test-1789839112638-06b4c1033968a',
  path: 'world-engine',
  error:
   { Error: ConnectionFailed("Unable to open connection to local database C:/Users/Administrator/AppData/Local/Temp/neuro-book/fixtures/nbook-workspace-assets-ZRvLe2/workspace/codeact-test-1789839112638-06b4c1033968a/.nbook/history.sqlite: 14")
       at new Database (D:\MyProject\neuro-book\node_modules\libsql\index.js:95:17)
       at Sqlite3Client.#getDb (file:///D:/MyProject/neuro-book/node_modules/@libsql/client/lib-esm/sqlite3.js:207:24)
       at Sqlite3Client.execute (file:///D:/MyProject/neuro-book/node_modules/@libsql/client/lib-esm/sqlite3.js:83:39)
       at nameEndState (D:/MyProject/neuro-book/packages/nb-history/src/views.ts:183:29)
       at WorkspaceHistory.implicitReconcile (D:/MyProject/neuro-book/packages/nb-history/src/workspace-history.ts:830:41)
       at D:/MyProject/neuro-book/packages/nb-history/src/workspace-history.ts:304:41
       at runNextTicks (node:internal/process/task_queues:64:5)
       at listOnTimeout (node:internal/timers:547:9)
       at processTimers (node:internal/timers:521:7)
     code: '' } } workspace-history 单路径对账失败
[warn] { projectRoot: 'codeact-test-1789839112638-06b4c1033968a',
  path: 'project.yaml',
  error:
   { Error: ConnectionFailed("Unable to open connection to local database C:/Users/Administrator/AppData/Local/Temp/neuro-book/fixtures/nbook-workspace-assets-ZRvLe2/workspace/codeact-test-1789839112638-06b4c1033968a/.nbook/history.sqlite: 14")
       at new Database (D:\MyProject\neuro-book\node_modules\libsql\index.js:95:17)
       at Sqlite3Client.#getDb (file:///D:/MyProject/neuro-book/node_modules/@libsql/client/lib-esm/sqlite3.js:207:24)
       at Sqlite3Client.execute (file:///D:/MyProject/neuro-book/node_modules/@libsql/client/lib-esm/sqlite3.js:83:39)
       at nameEndState (D:/MyProject/neuro-book/packages/nb-history/src/views.ts:183:29)
       at WorkspaceHistory.implicitReconcile (D:/MyProject/neuro-book/packages/nb-history/src/workspace-history.ts:830:41)
       at D:/MyProject/neuro-book/packages/nb-history/src/workspace-history.ts:304:41
       at runNextTicks (node:internal/process/task_queues:64:5)
       at listOnTimeout (node:internal/timers:547:9)
       at processTimers (node:internal/timers:521:7)
     code: '' } } workspace-history 单路径对账失败
[warn] { projectRoot: 'codeact-test-1789839112638-06b4c1033968a',
  path: 'world-engine/calendar.ts',
  error:
   { Error: ConnectionFailed("Unable to open connection to local database C:/Users/Administrator/AppData/Local/Temp/neuro-book/fixtures/nbook-workspace-assets-ZRvLe2/workspace/codeact-test-1789839112638-06b4c1033968a/.nbook/history.sqlite: 14")
       at new Database (D:\MyProject\neuro-book\node_modules\libsql\index.js:95:17)
       at Sqlite3Client.#getDb (file:///D:/MyProject/neuro-book/node_modules/@libsql/client/lib-esm/sqlite3.js:207:24)
       at Sqlite3Client.execute (file:///D:/MyProject/neuro-book/node_modules/@libsql/client/lib-esm/sqlite3.js:83:39)
       at nameEndState (D:/MyProject/neuro-book/packages/nb-history/src/views.ts:183:29)
       at WorkspaceHistory.implicitReconcile (D:/MyProject/neuro-book/packages/nb-history/src/workspace-history.ts:830:41)
       at D:/MyProject/neuro-book/packages/nb-history/src/workspace-history.ts:304:41
       at runNextTicks (node:internal/process/task_queues:64:5)
       at listOnTimeout (node:internal/timers:547:9)
       at processTimers (node:internal/timers:521:7)
     code: '' } } workspace-history 单路径对账失败
[warn] { projectRoot: 'codeact-test-1789839112638-06b4c1033968a',
  path: 'world-engine/schema/index.ts',
  error:
   { Error: ConnectionFailed("Unable to open connection to local database C:/Users/Administrator/AppData/Local/Temp/neuro-book/fixtures/nbook-workspace-assets-ZRvLe2/workspace/codeact-test-1789839112638-06b4c1033968a/.nbook/history.sqlite: 14")
       at new Database (D:\MyProject\neuro-book\node_modules\libsql\index.js:95:17)
       at Sqlite3Client.#getDb (file:///D:/MyProject/neuro-book/node_modules/@libsql/client/lib-esm/sqlite3.js:207:24)
       at Sqlite3Client.execute (file:///D:/MyProject/neuro-book/node_modules/@libsql/client/lib-esm/sqlite3.js:83:39)
       at nameEndState (D:/MyProject/neuro-book/packages/nb-history/src/views.ts:183:29)
       at WorkspaceHistory.implicitReconcile (D:/MyProject/neuro-book/packages/nb-history/src/workspace-history.ts:830:41)
       at D:/MyProject/neuro-book/packages/nb-history/src/workspace-history.ts:304:41
       at runNextTicks (node:internal/process/task_queues:64:5)
       at listOnTimeout (node:internal/timers:547:9)
       at processTimers (node:internal/timers:521:7)
     code: '' } } workspace-history 单路径对账失败
[warn] { projectRoot: 'codeact-test-1789839112638-06b4c1033968a',
  path: 'world-engine/schema/types.ts',
  error:
   { Error: ConnectionFailed("Unable to open connection to local database C:/Users/Administrator/AppData/Local/Temp/neuro-book/fixtures/nbook-workspace-assets-ZRvLe2/workspace/codeact-test-1789839112638-06b4c1033968a/.nbook/history.sqlite: 14")
       at new Database (D:\MyProject\neuro-book\node_modules\libsql\index.js:95:17)
       at Sqlite3Client.#getDb (file:///D:/MyProject/neuro-book/node_modules/@libsql/client/lib-esm/sqlite3.js:207:24)
       at Sqlite3Client.execute (file:///D:/MyProject/neuro-book/node_modules/@libsql/client/lib-esm/sqlite3.js:83:39)
       at nameEndState (D:/MyProject/neuro-book/packages/nb-history/src/views.ts:183:29)
       at WorkspaceHistory.implicitReconcile (D:/MyProject/neuro-book/packages/nb-history/src/workspace-history.ts:830:41)
       at D:/MyProject/neuro-book/packages/nb-history/src/workspace-history.ts:304:41
       at runNextTicks (node:internal/process/task_queues:64:5)
       at listOnTimeout (node:internal/timers:547:9)
       at processTimers (node:internal/timers:521:7)
     code: '' } } workspace-history 单路径对账失败
[warn] { projectRoot: 'codeact-test-1789839113612-fd946f24ae222',
  path: 'world-engine/schema',
  error:
   { Error: ConnectionFailed("Unable to open connection to local database C:/Users/Administrator/AppData/Local/Temp/neuro-book/fixtures/nbook-workspace-assets-ZRvLe2/workspace/codeact-test-1789839113612-fd946f24ae222/.nbook/history.sqlite: 14")
       at new Database (D:\MyProject\neuro-book\node_modules\libsql\index.js:95:17)
       at Sqlite3Client.#getDb (file:///D:/MyProject/neuro-book/node_modules/@libsql/client/lib-esm/sqlite3.js:207:24)
       at Sqlite3Client.execute (file:///D:/MyProject/neuro-book/node_modules/@libsql/client/lib-esm/sqlite3.js:83:39)
       at nameEndState (D:/MyProject/neuro-book/packages/nb-history/src/views.ts:183:29)
       at WorkspaceHistory.implicitReconcile (D:/MyProject/neuro-book/packages/nb-history/src/workspace-history.ts:830:41)
       at D:/MyProject/neuro-book/packages/nb-history/src/workspace-history.ts:304:41
       at runNextTicks (node:internal/process/task_queues:64:5)
       at listOnTimeout (node:internal/timers:547:9)
       at processTimers (node:internal/timers:521:7)
     code: '' } } workspace-history 单路径对账失败
[warn] { projectRoot: 'codeact-test-1789839113612-fd946f24ae222',
  path: 'world-engine',
  error:
   { Error: ConnectionFailed("Unable to open connection to local database C:/Users/Administrator/AppData/Local/Temp/neuro-book/fixtures/nbook-workspace-assets-ZRvLe2/workspace/codeact-test-1789839113612-fd946f24ae222/.nbook/history.sqlite: 14")
       at new Database (D:\MyProject\neuro-book\node_modules\libsql\index.js:95:17)
       at Sqlite3Client.#getDb (file:///D:/MyProject/neuro-book/node_modules/@libsql/client/lib-esm/sqlite3.js:207:24)
       at Sqlite3Client.execute (file:///D:/MyProject/neuro-book/node_modules/@libsql/client/lib-esm/sqlite3.js:83:39)
       at nameEndState (D:/MyProject/neuro-book/packages/nb-history/src/views.ts:183:29)
       at WorkspaceHistory.implicitReconcile (D:/MyProject/neuro-book/packages/nb-history/src/workspace-history.ts:830:41)
       at D:/MyProject/neuro-book/packages/nb-history/src/workspace-history.ts:304:41
       at runNextTicks (node:internal/process/task_queues:64:5)
       at listOnTimeout (node:internal/timers:547:9)
       at processTimers (node:internal/timers:521:7)
     code: '' } } workspace-history 单路径对账失败
[warn] { projectRoot: 'codeact-test-1789839113612-fd946f24ae222',
  path: 'project.yaml',
  error:
   { Error: ConnectionFailed("Unable to open connection to local database C:/Users/Administrator/AppData/Local/Temp/neuro-book/fixtures/nbook-workspace-assets-ZRvLe2/workspace/codeact-test-1789839113612-fd946f24ae222/.nbook/history.sqlite: 14")
       at new Database (D:\MyProject\neuro-book\node_modules\libsql\index.js:95:17)
       at Sqlite3Client.#getDb (file:///D:/MyProject/neuro-book/node_modules/@libsql/client/lib-esm/sqlite3.js:207:24)
       at Sqlite3Client.execute (file:///D:/MyProject/neuro-book/node_modules/@libsql/client/lib-esm/sqlite3.js:83:39)
       at nameEndState (D:/MyProject/neuro-book/packages/nb-history/src/views.ts:183:29)
       at WorkspaceHistory.implicitReconcile (D:/MyProject/neuro-book/packages/nb-history/src/workspace-history.ts:830:41)
       at D:/MyProject/neuro-book/packages/nb-history/src/workspace-history.ts:304:41
       at runNextTicks (node:internal/process/task_queues:64:5)
       at listOnTimeout (node:internal/timers:547:9)
       at processTimers (node:internal/timers:521:7)
     code: '' } } workspace-history 单路径对账失败
[warn] { projectRoot: 'codeact-test-1789839113612-fd946f24ae222',
  path: 'world-engine/calendar.ts',
  error:
   { Error: ConnectionFailed("Unable to open connection to local database C:/Users/Administrator/AppData/Local/Temp/neuro-book/fixtures/nbook-workspace-assets-ZRvLe2/workspace/codeact-test-1789839113612-fd946f24ae222/.nbook/history.sqlite: 14")
       at new Database (D:\MyProject\neuro-book\node_modules\libsql\index.js:95:17)
       at Sqlite3Client.#getDb (file:///D:/MyProject/neuro-book/node_modules/@libsql/client/lib-esm/sqlite3.js:207:24)
       at Sqlite3Client.execute (file:///D:/MyProject/neuro-book/node_modules/@libsql/client/lib-esm/sqlite3.js:83:39)
       at nameEndState (D:/MyProject/neuro-book/packages/nb-history/src/views.ts:183:29)
       at WorkspaceHistory.implicitReconcile (D:/MyProject/neuro-book/packages/nb-history/src/workspace-history.ts:830:41)
       at D:/MyProject/neuro-book/packages/nb-history/src/workspace-history.ts:304:41
       at runNextTicks (node:internal/process/task_queues:64:5)
       at listOnTimeout (node:internal/timers:547:9)
       at processTimers (node:internal/timers:521:7)
     code: '' } } workspace-history 单路径对账失败
[warn] { projectRoot: 'codeact-test-1789839113612-fd946f24ae222',
  path: 'world-engine/schema/index.ts',
  error:
   { Error: ConnectionFailed("Unable to open connection to local database C:/Users/Administrator/AppData/Local/Temp/neuro-book/fixtures/nbook-workspace-assets-ZRvLe2/workspace/codeact-test-1789839113612-fd946f24ae222/.nbook/history.sqlite: 14")
       at new Database (D:\MyProject\neuro-book\node_modules\libsql\index.js:95:17)
       at Sqlite3Client.#getDb (file:///D:/MyProject/neuro-book/node_modules/@libsql/client/lib-esm/sqlite3.js:207:24)
       at Sqlite3Client.execute (file:///D:/MyProject/neuro-book/node_modules/@libsql/client/lib-esm/sqlite3.js:83:39)
       at nameEndState (D:/MyProject/neuro-book/packages/nb-history/src/views.ts:183:29)
       at WorkspaceHistory.implicitReconcile (D:/MyProject/neuro-book/packages/nb-history/src/workspace-history.ts:830:41)
       at D:/MyProject/neuro-book/packages/nb-history/src/workspace-history.ts:304:41
       at runNextTicks (node:internal/process/task_queues:64:5)
       at listOnTimeout (node:internal/timers:547:9)
       at processTimers (node:internal/timers:521:7)
     code: '' } } workspace-history 单路径对账失败
[warn] { projectRoot: 'codeact-test-1789839112137-30a2fd6a6dde1',
  path: 'world-engine/schema',
  error:
   { Error: ConnectionFailed("Unable to open connection to local database C:/Users/Administrator/AppData/Local/Temp/neuro-book/fixtures/nbook-workspace-assets-ZRvLe2/workspace/codeact-test-1789839112137-30a2fd6a6dde1/.nbook/history.sqlite: 14")
       at new Database (D:\MyProject\neuro-book\node_modules\libsql\index.js:95:17)
       at Sqlite3Client.#getDb (file:///D:/MyProject/neuro-book/node_modules/@libsql/client/lib-esm/sqlite3.js:207:24)
       at Sqlite3Client.execute (file:///D:/MyProject/neuro-book/node_modules/@libsql/client/lib-esm/sqlite3.js:83:39)
       at nameEndState (D:/MyProject/neuro-book/packages/nb-history/src/views.ts:183:29)
       at WorkspaceHistory.implicitReconcile (D:/MyProject/neuro-book/packages/nb-history/src/workspace-history.ts:830:41)
       at D:/MyProject/neuro-book/packages/nb-history/src/workspace-history.ts:304:41
       at runNextTicks (node:internal/process/task_queues:64:5)
       at listOnTimeout (node:internal/timers:547:9)
       at processTimers (node:internal/timers:521:7)
     code: '' } } workspace-history 单路径对账失败
[warn] { projectRoot: 'codeact-test-1789839112137-30a2fd6a6dde1',
  path: 'world-engine',
  error:
   { Error: ConnectionFailed("Unable to open connection to local database C:/Users/Administrator/AppData/Local/Temp/neuro-book/fixtures/nbook-workspace-assets-ZRvLe2/workspace/codeact-test-1789839112137-30a2fd6a6dde1/.nbook/history.sqlite: 14")
       at new Database (D:\MyProject\neuro-book\node_modules\libsql\index.js:95:17)
       at Sqlite3Client.#getDb (file:///D:/MyProject/neuro-book/node_modules/@libsql/client/lib-esm/sqlite3.js:207:24)
       at Sqlite3Client.execute (file:///D:/MyProject/neuro-book/node_modules/@libsql/client/lib-esm/sqlite3.js:83:39)
       at nameEndState (D:/MyProject/neuro-book/packages/nb-history/src/views.ts:183:29)
       at WorkspaceHistory.implicitReconcile (D:/MyProject/neuro-book/packages/nb-history/src/workspace-history.ts:830:41)
       at D:/MyProject/neuro-book/packages/nb-history/src/workspace-history.ts:304:41
       at runNextTicks (node:internal/process/task_queues:64:5)
       at listOnTimeout (node:internal/timers:547:9)
       at processTimers (node:internal/timers:521:7)
     code: '' } } workspace-history 单路径对账失败
[warn] { projectRoot: 'codeact-test-1789839112137-30a2fd6a6dde1',
  path: 'project.yaml',
  error:
   { Error: ConnectionFailed("Unable to open connection to local database C:/Users/Administrator/AppData/Local/Temp/neuro-book/fixtures/nbook-workspace-assets-ZRvLe2/workspace/codeact-test-1789839112137-30a2fd6a6dde1/.nbook/history.sqlite: 14")
       at new Database (D:\MyProject\neuro-book\node_modules\libsql\index.js:95:17)
       at Sqlite3Client.#getDb (file:///D:/MyProject/neuro-book/node_modules/@libsql/client/lib-esm/sqlite3.js:207:24)
       at Sqlite3Client.execute (file:///D:/MyProject/neuro-book/node_modules/@libsql/client/lib-esm/sqlite3.js:83:39)
       at nameEndState (D:/MyProject/neuro-book/packages/nb-history/src/views.ts:183:29)
       at WorkspaceHistory.implicitReconcile (D:/MyProject/neuro-book/packages/nb-history/src/workspace-history.ts:830:41)
       at D:/MyProject/neuro-book/packages/nb-history/src/workspace-history.ts:304:41
       at runNextTicks (node:internal/process/task_queues:64:5)
       at listOnTimeout (node:internal/timers:547:9)
       at processTimers (node:internal/timers:521:7)
     code: '' } } workspace-history 单路径对账失败
[warn] { projectRoot: 'codeact-test-1789839112137-30a2fd6a6dde1',
  path: 'world-engine/calendar.ts',
  error:
   { Error: ConnectionFailed("Unable to open connection to local database C:/Users/Administrator/AppData/Local/Temp/neuro-book/fixtures/nbook-workspace-assets-ZRvLe2/workspace/codeact-test-1789839112137-30a2fd6a6dde1/.nbook/history.sqlite: 14")
       at new Database (D:\MyProject\neuro-book\node_modules\libsql\index.js:95:17)
       at Sqlite3Client.#getDb (file:///D:/MyProject/neuro-book/node_modules/@libsql/client/lib-esm/sqlite3.js:207:24)
       at Sqlite3Client.execute (file:///D:/MyProject/neuro-book/node_modules/@libsql/client/lib-esm/sqlite3.js:83:39)
       at nameEndState (D:/MyProject/neuro-book/packages/nb-history/src/views.ts:183:29)
       at WorkspaceHistory.implicitReconcile (D:/MyProject/neuro-book/packages/nb-history/src/workspace-history.ts:830:41)
       at D:/MyProject/neuro-book/packages/nb-history/src/workspace-history.ts:304:41
       at runNextTicks (node:internal/process/task_queues:64:5)
       at listOnTimeout (node:internal/timers:547:9)
       at processTimers (node:internal/timers:521:7)
     code: '' } } workspace-history 单路径对账失败
[warn] { projectRoot: 'codeact-test-1789839112137-30a2fd6a6dde1',
  path: 'world-engine/schema/index.ts',
  error:
   { Error: ConnectionFailed("Unable to open connection to local database C:/Users/Administrator/AppData/Local/Temp/neuro-book/fixtures/nbook-workspace-assets-ZRvLe2/workspace/codeact-test-1789839112137-30a2fd6a6dde1/.nbook/history.sqlite: 14")
       at new Database (D:\MyProject\neuro-book\node_modules\libsql\index.js:95:17)
       at Sqlite3Client.#getDb (file:///D:/MyProject/neuro-book/node_modules/@libsql/client/lib-esm/sqlite3.js:207:24)
       at Sqlite3Client.execute (file:///D:/MyProject/neuro-book/node_modules/@libsql/client/lib-esm/sqlite3.js:83:39)
       at nameEndState (D:/MyProject/neuro-book/packages/nb-history/src/views.ts:183:29)
       at WorkspaceHistory.implicitReconcile (D:/MyProject/neuro-book/packages/nb-history/src/workspace-history.ts:830:41)
       at D:/MyProject/neuro-book/packages/nb-history/src/workspace-history.ts:304:41
       at runNextTicks (node:internal/process/task_queues:64:5)
       at listOnTimeout (node:internal/timers:547:9)
       at processTimers (node:internal/timers:521:7)
     code: '' } } workspace-history 单路径对账失败
[warn] { projectRoot: 'codeact-test-1789839112137-30a2fd6a6dde1',
  path: 'world-engine/schema/types.ts',
  error:
   { Error: ConnectionFailed("Unable to open connection to local database C:/Users/Administrator/AppData/Local/Temp/neuro-book/fixtures/nbook-workspace-assets-ZRvLe2/workspace/codeact-test-1789839112137-30a2fd6a6dde1/.nbook/history.sqlite: 14")
       at new Database (D:\MyProject\neuro-book\node_modules\libsql\index.js:95:17)
       at Sqlite3Client.#getDb (file:///D:/MyProject/neuro-book/node_modules/@libsql/client/lib-esm/sqlite3.js:207:24)
       at Sqlite3Client.execute (file:///D:/MyProject/neuro-book/node_modules/@libsql/client/lib-esm/sqlite3.js:83:39)
       at nameEndState (D:/MyProject/neuro-book/packages/nb-history/src/views.ts:183:29)
       at WorkspaceHistory.implicitReconcile (D:/MyProject/neuro-book/packages/nb-history/src/workspace-history.ts:830:41)
       at D:/MyProject/neuro-book/packages/nb-history/src/workspace-history.ts:304:41
       at runNextTicks (node:internal/process/task_queues:64:5)
       at listOnTimeout (node:internal/timers:547:9)
       at processTimers (node:internal/timers:521:7)
     code: '' } } workspace-history 单路径对账失败
 [32m✓[39m server/world-engine/codeact.test.ts [2m([22m[2m29 tests[22m[2m)[22m[33m 21677[2mms[22m[39m
     [33m[2m✓[22m[39m Execute simple query with world.subject.get() [33m 760[2mms[22m[39m
     [33m[2m✓[22m[39m Execute batch query with world.subject.gets() [33m 703[2mms[22m[39m
     [33m[2m✓[22m[39m Execute query with deref [33m 723[2mms[22m[39m
     [33m[2m✓[22m[39m findRefs 返回 JSON Pointer 路径 [33m 717[2mms[22m[39m
     [33m[2m✓[22m[39m slices withPatches 返回 patchId [33m 699[2mms[22m[39m
     [33m[2m✓[22m[39m world.slice.list 支持按 subjectIds 查询相关切面 [33m 718[2mms[22m[39m
     [33m[2m✓[22m[39m executeCodeActWorld 删除切面后同脚本查询返回重算状态 [33m 690[2mms[22m[39m
     [33m[2m✓[22m[39m calendar.ts 修改后同 facade 再读使用新内容 [33m 482[2mms[22m[39m
     [33m[2m✓[22m[39m schema/index.ts 修改后同 facade 再读使用新内容 [33m 918[2mms[22m[39m
     [33m[2m✓[22m[39m schema/index.ts 支持 TS-only 语法和 nbook helper，并走 runtime artifact cache [33m 719[2mms[22m[39m
     [33m[2m✓[22m[39m calendar.ts 使用 Project 本地相对 import 时加载失败 [33m 463[2mms[22m[39m
     [33m[2m✓[22m[39m schema/index.ts 使用 Project 本地相对 import 时加载失败 [33m 625[2mms[22m[39m
     [33m[2m✓[22m[39m schema/index.ts 使用 Project 本地 import type 时加载失败 [33m 502[2mms[22m[39m
     [33m[2m✓[22m[39m schema/index.ts 使用 TS import type expression 时加载失败 [33m 484[2mms[22m[39m
     [33m[2m✓[22m[39m schema/index.ts 使用 file URL import 时加载失败 [33m 489[2mms[22m[39m
     [33m[2m✓[22m[39m schema/index.ts 使用 Windows 或 POSIX 绝对路径 import 时加载失败 [33m 477[2mms[22m[39m
     [33m[2m✓[22m[39m schema/index.ts 使用非静态 dynamic import 时加载失败 [33m 482[2mms[22m[39m
     [33m[2m✓[22m[39m schema/index.ts 允许 zod 与 nbook/world-engine/schema 包级 import [33m 707[2mms[22m[39m
     [33m[2m✓[22m[39m schema/index.ts 允许 node: 内置模块 import [33m 692[2mms[22m[39m
     [33m[2m✓[22m[39m Failed code rejects [33m 806[2mms[22m[39m
     [33m[2m✓[22m[39m Execute query with world.subject.list() [33m 830[2mms[22m[39m
     [33m[2m✓[22m[39m Execute query with world.time.now() [33m 814[2mms[22m[39m
     [33m[2m✓[22m[39m executeCodeActWorld 读写合一并统一返回 issues [33m 814[2mms[22m[39m
     [33m[2m✓[22m[39m executeCodeActWorld 支持用户提供形态的 Gregorian calendar 与基础 schema [33m 840[2mms[22m[39m
     [33m[2m✓[22m[39m executeCodeActWorld slice.editPatches 精确修正 patch [33m 855[2mms[22m[39m
     [33m[2m✓[22m[39m executeCodeActWorld throw 后回滚写入 [33m 789[2mms[22m[39m
     [33m[2m✓[22m[39m executeCodeActWorld 同 instant 冲突后回滚事务内临时 slice [33m 782[2mms[22m[39m
     [33m[2m✓[22m[39m executeCodeActWorld 超时后回滚写入 [33m 838[2mms[22m[39m
     [33m[2m✓[22m[39m executeCodeActWorld 超时关闭事务后后台写入不能落库 [33m 1115[2mms[22m[39m
 [32m✓[39m server/world-engine/world-engine.facade.test.ts [2m([22m[2m27 tests[22m[2m)[22m[33m 21021[2mms[22m[39m
     [33m[2m✓[22m[39m 首写自动创建 subject，并应用 schema default 与 4-op patch [33m 839[2mms[22m[39m
     [33m[2m✓[22m[39m 同 instant 写入冲突提示合并 patches [33m 817[2mms[22m[39m
     [33m[2m✓[22m[39m editSlice 移动到已有 instant 时提示合并 patches [33m 821[2mms[22m[39m
     [33m[2m✓[22m[39m createSubject 初始化撞上非 init slice 时提示显式合并初始化 patches [33m 810[2mms[22m[39m
     [33m[2m✓[22m[39m EmbeddingText 空容器 default 能初始化后继续写入单条内容 [33m 830[2mms[22m[39m
     [33m[2m✓[22m[39m EmbeddingText 非空整块 replace 仍被拒绝 [33m 816[2mms[22m[39m
     [33m[2m✓[22m[39m EmbeddingText 单条写入拒绝手写 vector/model [33m 780[2mms[22m[39m
     [33m[2m✓[22m[39m EmbeddingText 单条写入必须是唯一 text 非空字符串 [33m 767[2mms[22m[39m
     [33m[2m✓[22m[39m EmbeddingText 拒绝通过内部路径绕过托管字段 [33m 769[2mms[22m[39m
     [33m[2m✓[22m[39m 已有 subject 缺少数组基准时 append 自动插入显式 replace 空数组 [33m 797[2mms[22m[39m
     [33m[2m✓[22m[39m editSlice 添加 append 时同样自动补数组基准并保持顺序 [33m 792[2mms[22m[39m
     [33m[2m✓[22m[39m append 遇到历史非数组基准时不自动覆盖并继续返回定位 issue [33m 825[2mms[22m[39m
     [33m[2m✓[22m[39m executeCodeActWorld 连续写入时对同一持久 issue 去重但保留不同 patch [33m 818[2mms[22m[39m
     [33m[2m✓[22m[39m collection append 去重，remove 可按值删除且幂等 [33m 751[2mms[22m[39m
     [33m[2m✓[22m[39m 编辑 collection remove 的 value 会重新计算下游 advisory [33m 768[2mms[22m[39m
     [33m[2m✓[22m[39m list 拒绝按值 remove，保持时间顺序语义 [33m 738[2mms[22m[39m
     [33m[2m✓[22m[39m queryState 支持内部全量查询，同时 attrs 投影和 listLimit 生效 [33m 735[2mms[22m[39m
     [33m[2m✓[22m[39m 编辑过去绝对 patch 会返回 base-shifted，删除基准后显形 broken-relative [33m 781[2mms[22m[39m
     [33m[2m✓[22m[39m ref 目标缺失在查询时报告 dangling-ref，并归属写入切面 [33m 904[2mms[22m[39m
     [33m[2m✓[22m[39m listSlices subject filter 支持 any/all，deleteSlice 会回退状态 [33m 912[2mms[22m[39m
     [33m[2m✓[22m[39m 语义搜索在请求 embedding 前拒绝没有 EmbeddingText 能力的 schema [33m 903[2mms[22m[39m
     [33m[2m✓[22m[39m 语义搜索拒绝未知 type 与非 EmbeddingText attr，不静默返回空结果 [33m 748[2mms[22m[39m
     [33m[2m✓[22m[39m 语义搜索校验 k/threshold，空查询也不绕过 scope 校验 [33m 756[2mms[22m[39m
     [33m[2m✓[22m[39m 删除 subject 的唯一切面后保留稳定身份 [33m 787[2mms[22m[39m
     [33m[2m✓[22m[39m calendar 可格式化和解析同一个 instant [33m 497[2mms[22m[39m
     [33m[2m✓[22m[39m Project SQLite 使用 WorldPatch 表，不再创建 WorldMutation [33m 933[2mms[22m[39m
 [32m✓[39m server/agent/harness/neuro-agent-harness.test.ts [2m([22m[2m195 tests[22m[2m)[22m[33m 16249[2mms[22m[39m
     [33m[2m✓[22m[39m 大 assistant 正文完整落库但 InvokeAgentResult 只返回有界 finalMessage 预览 [33m 933[2mms[22m[39m
     [33m[2m✓[22m[39m report_result 的大校验错误不会撑大 InvokeAgentResult [33m 2231[2mms[22m[39m
     [33m[2m✓[22m[39m managed Project 未 open 时 snapshot 不初始化 Project Profile Home [33m 541[2mms[22m[39m
     [33m[2m✓[22m[39m migration review Session 可读取，未打开但存在的 Project 可重绑并恢复执行 [33m 576[2mms[22m[39m
     [33m[2m✓[22m[39m /new 创建的新 Session 继承 Current Project root [33m 615[2mms[22m[39m
     [33m[2m✓[22m[39m Plan Mode 使用 Project Workspace .agent/plan 并支持 exit preview [33m 537[2mms[22m[39m
     [33m[2m✓[22m[39m 子 Session 未显式传 Project 时继承父 Session 的 Current Project [33m 536[2mms[22m[39m
     [33m[2m✓[22m[39m create_agent 子 Session 首次运行使用父 Session Current Project 的默认模型 [33m 460[2mms[22m[39m
     [33m[2m✓[22m[39m manual compact持有Project operation，忽略取消的迟到结果不得落盘 [33m 669[2mms[22m[39m
     [33m[2m✓[22m[39m Project invocation持有exact generation到terminal，close abort后才允许reopen [33m 494[2mms[22m[39m
     [33m[2m✓[22m[39m Project close 触发 forced enqueue 同步失败时公开 invoke 有界返回 retryable error，Project completion 等待显式 abort 重试 [33m 617[2mms[22m[39m
     [33m[2m✓[22m[39m Project invocation在waiting释放operation，resume同id捕获新generation [33m 505[2mms[22m[39m
     [33m[2m✓[22m[39m Project invocation固定使用session捕获的ready workspace，client snapshot不能重绑定变量 [33m 1151[2mms[22m[39m
 [32m✓[39m server/agent/session/source-dev-process.integration.test.ts [2m([22m[2m1 test[22m[2m)[22m[33m 16133[2mms[22m[39m
     [33m[2m✓[22m[39m 宿主异常退出会收口持有TCP和Runtime lease的完整后代树 [33m 16131[2mms[22m[39m
 [32m✓[39m server/agent/profiles/catalog.test.ts [2m([22m[2m51 tests[22m[2m)[22m[33m 12183[2mms[22m[39m
     [33m[2m✓[22m[39m Project workspace 传入真实 root 后使用 .nbook/agent/profiles 并覆盖 Install profile [33m 563[2mms[22m[39m
     [33m[2m✓[22m[39m 用户 profile 按 key 覆盖系统 profile [33m 487[2mms[22m[39m
     [33m[2m✓[22m[39m invalidate 后旧 loadAll promise 不能回写 stale catalog cache [33m 503[2mms[22m[39m
     [33m[2m✓[22m[39m profile watcher 会把外部源码和 compiled artifact 变化标记为 dirty [33m 512[2mms[22m[39m
     [33m[2m✓[22m[39m 相同 Profile 从不同物理根编译时生成同一内容寻址 artifact [33m 305[2mms[22m[39m
     [33m[2m✓[22m[39m 同一 Profile 移动到另一物理根后依赖 freshness 仍正确 [33m 365[2mms[22m[39m
     [33m[2m✓[22m[39m 内容寻址 artifact GC 只删除过 grace 且未被 current manifest 引用的文件 [33m 308[2mms[22m[39m
     [33m[2m✓[22m[39m ProfileReleasePublisher 会等待 per-root publish lock 释放后再写 manifest [33m 351[2mms[22m[39m
     [33m[2m✓[22m[39m ProfileReleasePublisher 单 entry 发布会在锁内合并当前 manifest [33m 311[2mms[22m[39m
     [33m[2m✓[22m[39m ProfileReleasePublisher batch entries 发布会在锁内合并当前 manifest [33m 453[2mms[22m[39m
     [33m[2m✓[22m[39m ProfileReleasePublisher 同 root 发布会串行到 Registry 翻转完成 [33m 416[2mms[22m[39m
     [33m[2m✓[22m[39m ProfileReleasePublisher 在磁盘已发布但 Registry 失败时抛 committed error 并释放队列 [33m 358[2mms[22m[39m
     [33m[2m✓[22m[39m ProfileReleasePublisher full 与 batch 发布也使用 committed error 契约 [33m 524[2mms[22m[39m
     [33m[2m✓[22m[39m compileProfileArtifacts full replacement 发布前发现 source file set 变化时不发布 [33m 467[2mms[22m[39m
     [33m[2m✓[22m[39m ProfileReleaseStore 会在发布锁内修复同名 corrupt artifact [33m 358[2mms[22m[39m
     [33m[2m✓[22m[39m TSX profile 依赖 helper 文件变化时重新编译缓存 [33m 489[2mms[22m[39m
     [33m[2m✓[22m[39m 用户 profile 依赖变化不会由 catalog reader 重复 rehash [33m 503[2mms[22m[39m
     [33m[2m✓[22m[39m 全量编译失败时发布 compile_failed 且保留已成功 profile [33m 405[2mms[22m[39m
     [33m[2m✓[22m[39m skipFresh 会在 type artifact 缺失时重新编译 profile [33m 355[2mms[22m[39m
(node:23060) ExperimentalWarning: SQLite is an experimental feature and might change at any time
(Use `node --trace-warnings ...` to show where the warning was created)
 [32m✓[39m server/rag/project-rag-visualization.test.ts [2m([22m[2m15 tests[22m[2m)[22m[33m 14641[2mms[22m[39m
     [33m[2m✓[22m[39m 读取 Project 级 subject RAG 概览和详情 [33m 1683[2mms[22m[39m
     [33m[2m✓[22m[39m 无 subjects 时返回空概览 [33m 869[2mms[22m[39m
     [33m[2m✓[22m[39m 旧 ready generation 在 close/reopen 后拒绝写入，不会转投新 generation [33m 476[2mms[22m[39m
     [33m[2m✓[22m[39m events CRUD 会写回 JSONL 并标记 dirty [33m 495[2mms[22m[39m
     [33m[2m✓[22m[39m 并发新增 event 在同一 mutation gate 内读改写，不丢失任一结果 [33m 479[2mms[22m[39m
     [33m[2m✓[22m[39m memory CRUD 使用 topic 定位并标记 dirty [33m 587[2mms[22m[39m
     [33m[2m✓[22m[39m 坏 JSONL 禁止 CRUD 覆盖 [33m 633[2mms[22m[39m
     [33m[2m✓[22m[39m CRUD 不会创建不存在的 subject [33m 618[2mms[22m[39m
     [33m[2m✓[22m[39m embedding 未配置时重建索引返回 subject 级错误 [33m 479[2mms[22m[39m
     [33m[2m✓[22m[39m 搜索使用真实 subject RAG 链路并消费 dirty [33m 785[2mms[22m[39m
     [33m[2m✓[22m[39m Inspector 能读取 chunk 级 embedding 元数据和向量预览 [33m 729[2mms[22m[39m
     [33m[2m✓[22m[39m Inspector 兼容旧版 chunk schema 并展示已有正文 [33m 693[2mms[22m[39m
     [33m[2m✓[22m[39m Inspector 在 SQLite 读取失败时返回 readError 和可展示空状态 [33m 514[2mms[22m[39m
     [33m[2m✓[22m[39m Inspector debug 操作只影响 RAG 缓存或 dirty state [33m 841[2mms[22m[39m
     [33m[2m✓[22m[39m 删除 subject index 失败时抛错而不是返回成功 [33m 575[2mms[22m[39m
 [32m✓[39m server/agent/tools/world-engine-tools.test.ts [2m([22m[2m13 tests[22m[2m)[22m[33m 11079[2mms[22m[39m
     [33m[2m✓[22m[39m 内置工具注册只暴露 execute_world [33m 602[2mms[22m[39m
     [33m[2m✓[22m[39m execute_world description 暴露当前 slice 查询和 issue 契约 [33m 592[2mms[22m[39m
     [33m[2m✓[22m[39m execute_world 省略 projectRoot 时复用 invocation 的当前 Project generation [33m 942[2mms[22m[39m
     [33m[2m✓[22m[39m execute_world 在一个脚本内写入并查询，统一返回 data 和 issues [33m 937[2mms[22m[39m
     [33m[2m✓[22m[39m execute_world 字符串 data 直接作为工具文本返回 [33m 939[2mms[22m[39m
     [33m[2m✓[22m[39m execute_world 字符串 data 带 issues 时保留 issue 明细 [33m 891[2mms[22m[39m
     [33m[2m✓[22m[39m execute_world 支持 collection 按值 remove [33m 945[2mms[22m[39m
     [33m[2m✓[22m[39m slice.editPatches 能精确修正已有 patch path，编辑后 patchId 失效需重读 [33m 858[2mms[22m[39m
     [33m[2m✓[22m[39m 脚本 throw 会回滚前面已经执行的写入 [33m 723[2mms[22m[39m
     [33m[2m✓[22m[39m writer profile 下 execute_world 保持只读 [33m 711[2mms[22m[39m
     [33m[2m✓[22m[39m execute_world 失败时保留原始错误且不在 gate 外写调试文件 [33m 712[2mms[22m[39m
     [33m[2m✓[22m[39m 同路径 reopen 后拒绝旧 invocation generation [33m 479[2mms[22m[39m
     [33m[2m✓[22m[39m 显式跨 Project override 的脚本执行期间持有目标 operation gate [33m 1472[2mms[22m[39m
(node:6740) ExperimentalWarning: SQLite is an experimental feature and might change at any time
(Use `node --trace-warnings ...` to show where the warning was created)
 [32m✓[39m server/agent/tools/subject-memory-tools.test.ts [2m([22m[2m16 tests[22m[2m)[22m[33m 9857[2mms[22m[39m
     [33m[2m✓[22m[39m 解析 events.jsonl 并拒绝空 text [33m 643[2mms[22m[39m
     [33m[2m✓[22m[39m 解析 memory.jsonl，支持长 view 并拒绝重复 topic [33m 591[2mms[22m[39m
     [33m[2m✓[22m[39m 应用 JSON Patch 后仍校验 memory 结构 [33m 618[2mms[22m[39m
     [33m[2m✓[22m[39m subject工具只接受当前已打开Project内的规范subjectPath [33m 636[2mms[22m[39m
     [33m[2m✓[22m[39m subject写工具声明Workspace变更，RAG查询保持运行时写入语义 [33m 603[2mms[22m[39m
     [33m[2m✓[22m[39m subject_event_append 追加 JSONL 并标记 RAG dirty [33m 663[2mms[22m[39m
     [33m[2m✓[22m[39m subject_event_append 硬切 JSONL，不导入旧 events.md [33m 609[2mms[22m[39m
     [33m[2m✓[22m[39m subject_rag_search 未配置 embedding 时明确失败且不做关键词 fallback [33m 615[2mms[22m[39m
     [33m[2m✓[22m[39m subject_rag_search 必须显式指定 sources，不提供时不会默认双搜 [33m 629[2mms[22m[39m
     [33m[2m✓[22m[39m subject_rag_search 不允许一次同时搜索 events 和 memory [33m 617[2mms[22m[39m
     [33m[2m✓[22m[39m subject_event_append 后立刻 search 会同步重建 dirty events 索引 [33m 747[2mms[22m[39m
     [33m[2m✓[22m[39m subject_rag_search 内部过滤不会误杀中等相关候选 [33m 727[2mms[22m[39m
     [33m[2m✓[22m[39m subject_rag_search 的 embedding 请求超时会明确失败 [33m 544[2mms[22m[39m
     [33m[2m✓[22m[39m subject_memory_update 调用真实 memory.curator profile，应用 JSON Patch 并标记 dirty [33m 587[2mms[22m[39m
     [33m[2m✓[22m[39m subject_memory_update 硬切 JSONL，不导入旧 knowledge.md [33m 529[2mms[22m[39m
     [33m[2m✓[22m[39m subject_memory_update patch 校验失败会重试一次，仍失败则 needs_review 且不写文件 [33m 499[2mms[22m[39m
 [32m✓[39m server/agent/tools/file-tools.test.ts [2m([22m[2m49 tests[22m[2m)[22m[33m 11019[2mms[22m[39m
     [33m[2m✓[22m[39m read 在Project-bound File Scope中直接接受Project相对路径 [33m 541[2mms[22m[39m
     [33m[2m✓[22m[39m read 成功读取 lorebook 时写入当前 profile 的 context access [33m 621[2mms[22m[39m
     [33m[2m✓[22m[39m read 使用完整 Project File Address 时按目标 Project 记录 context access [33m 1205[2mms[22m[39m
     [33m[2m✓[22m[39m read 使用Project内绝对地址时保留Resolver提供的context access归属 [33m 594[2mms[22m[39m
     [33m[2m✓[22m[39m 跨 Project 读取图片时来源归目标 Project，blob 仍写入 Harness 全局 Attachment Adapter [33m 1177[2mms[22m[39m
     [33m[2m✓[22m[39m Project-bound session 将相对路径解析到当前 Project Workspace [33m 593[2mms[22m[39m
     [33m[2m✓[22m[39m 支持跨 Project 路径和绝对文件系统路径 [33m 1183[2mms[22m[39m
     [33m[2m✓[22m[39m 拒绝重复添加当前 Project root 的相对路径 [33m 594[2mms[22m[39m
     [33m[2m✓[22m[39m Project-bound文件工具可直接读写任意绝对路径 [33m 614[2mms[22m[39m
     [33m[2m✓[22m[39m apply_patch 在Project-bound File Scope中接受Project相对路径 [33m 624[2mms[22m[39m
     [33m[2m✓[22m[39m bash 自动注入 Agent bin 并允许 workspace CLI 从 workspace cwd 运行 [33m 316[2mms[22m[39m
     [33m[2m✓[22m[39m Project-bound bash从Project Workspace运行workspace CLI [33m 995[2mms[22m[39m
     [33m[2m✓[22m[39m retrieval 的 index.md 清单命令可在真实 bash 中执行 [33m 328[2mms[22m[39m
 [32m✓[39m server/api/projects/world-engine/[...segments].test.ts [2m([22m[2m8 tests[22m[2m)[22m[33m 5861[2mms[22m[39m
     [33m[2m✓[22m[39m HTTP path segment 编码不合法时返回稳定 400 [33m 612[2mms[22m[39m
     [33m[2m✓[22m[39m 使用 patches 写入、编辑、删除切面，并通过 GET /state 全量查询 [33m 865[2mms[22m[39m
     [33m[2m✓[22m[39m POST /state/query 继续拒绝未收窄查询，GET /state 允许 UI/debug 全量查询 [33m 862[2mms[22m[39m
     [33m[2m✓[22m[39m collection 支持 remove + value，list remove + value 被 service 拒绝 [33m 936[2mms[22m[39m
     [33m[2m✓[22m[39m subjects/slices 支持 type 与 subject filter 查询 [33m 938[2mms[22m[39m
     [33m[2m✓[22m[39m subject event commit 通过 exact generation 记录本地用户 History [33m 600[2mms[22m[39m
     [33m[2m✓[22m[39m 并发 subject event commit 在同一 gate 内读取和追加 [33m 732[2mms[22m[39m
 [32m✓[39m server/api/projects/plot/[...segments].test.ts [2m([22m[2m11 tests[22m[2m)[22m[33m 7028[2mms[22m[39m
     [33m[2m✓[22m[39m GET /scenes/:sceneId/world-context 返回已解析 subject 上下文和 unresolved 占位 [33m 1007[2mms[22m[39m
     [33m[2m✓[22m[39m GET /chapter-writer-brief 返回章节 Scene / World Context brief [33m 975[2mms[22m[39m
     [33m[2m✓[22m[39m 非法 sceneId 返回 400 [33m 522[2mms[22m[39m
     [33m[2m✓[22m[39m Scene 不存在时返回 404 [33m 645[2mms[22m[39m
     [33m[2m✓[22m[39m Scene 时间未连接时返回 400 [33m 716[2mms[22m[39m
     [33m[2m✓[22m[39m 全部 subject 都是占位时返回空上下文和 unresolved 列表 [33m 925[2mms[22m[39m
     [33m[2m✓[22m[39m Project 缺少 calendar.ts 时 GET tree 和 workbench 仍可读取 Plot [33m 621[2mms[22m[39m
     [33m[2m✓[22m[39m Project 缺少 calendar.ts 且 Scene 已有 raw instant 时保留 raw 时间并降级 formatted time [33m 730[2mms[22m[39m
     [33m[2m✓[22m[39m calendar.ts 损坏且 Scene 需要格式化 raw instant 时继续返回配置错误 [33m 583[2mms[22m[39m
 [32m✓[39m server/agent/variables/definition-artifact-publish.test.ts [2m([22m[2m6 tests[22m[2m)[22m[33m 3298[2mms[22m[39m
     [33m[2m✓[22m[39m artifact复制失败时保留完整旧manifest与旧artifact [33m 496[2mms[22m[39m
     [33m[2m✓[22m[39m manifest rename失败时保留完整旧代 [33m 507[2mms[22m[39m
     [33m[2m✓[22m[39m artifact安装期间源码变化时放弃manifest翻转 [33m 428[2mms[22m[39m
     [33m[2m✓[22m[39m 并发reader跨manifest翻转只能观察完整旧代或新代 [33m 489[2mms[22m[39m
     [33m[2m✓[22m[39m 旧代长期被引用后从manifest退休仍为并发reader保留10分钟 [33m 715[2mms[22m[39m
     [33m[2m✓[22m[39m 两个并发publisher最终收敛到一份完整可读代次 [33m 661[2mms[22m[39m
(node:18860) ExperimentalWarning: SQLite is an experimental feature and might change at any time
(Use `node --trace-warnings ...` to show where the warning was created)
 [32m✓[39m server/workspace-history/project-history.test.ts [2m([22m[2m9 tests[22m[2m)[22m[33m 4380[2mms[22m[39m
     [33m[2m✓[22m[39m 记账 + 谓词过滤：受管路径入账归因正确，排除路径与未 open 项目静默跳过 [33m 466[2mms[22m[39m
     [33m[2m✓[22m[39m enabled=false 全链 no-op：不开库、不建库文件 [33m 384[2mms[22m[39m
     [33m[2m✓[22m[39m closeProject 级联关库：close 后 ensure 返回 null，重新 open 可再用 [33m 472[2mms[22m[39m
     [33m[2m✓[22m[39m open 在 unseen 与 D15 前原子清理旧 runtime artifact 历史并保留 cursor [33m 581[2mms[22m[39m
     [33m[2m✓[22m[39m purge 失败时关闭句柄并移除 opening，后续 ensure 可重试 [33m 575[2mms[22m[39m
     [33m[2m✓[22m[39m watcher 对账批：外部直写补 external、回声抑制、排除路径忽略、unlink 补删除 [33m 610[2mms[22m[39m
     [33m[2m✓[22m[39m unseen 懒游标：首查为空建基线，他人变更可见且不含本会话自己，推进后清空 [33m 556[2mms[22m[39m
     [33m[2m✓[22m[39m D15 open 对账扫描：closed 期间的外部新增补 external、外部删除补 delete [33m 731[2mms[22m[39m
 [32m✓[39m scripts/db/migrate-application-state.test.ts [2m([22m[2m16 tests[22m[2m)[22m[33m 3915[2mms[22m[39m
     [33m[2m✓[22m[39m complete v3 中曾 skipped 的 review repair 可建立同 catalog 新 run 并逐字节回滚 [33m 472[2mms[22m[39m
     [33m[2m✓[22m[39m 子步骤已完成但 Application checkpoint 仍 pending 时 rollback 仍严格逆序恢复 [33m 362[2mms[22m[39m
     [33m[2m✓[22m[39m SQLite step apply 后 rollback 逐字节恢复迁移前数据库 [33m 543[2mms[22m[39m
     [33m[2m✓[22m[39m 完整 rollback 回到 schema v1 后可使用新 runId 再次 apply [33m 590[2mms[22m[39m
 [32m✓[39m server/utils/validate-body.test.ts [2m([22m[2m2 tests[22m[2m)[22m[33m 4042[2mms[22m[39m
     [33m[2m✓[22m[39m Content-Length 已超过 maxBytes 时在读取 body 前返回 413 [33m 4020[2mms[22m[39m
 [32m✓[39m server/agent/attachments/local-attachment-blob-adapter.test.ts [2m([22m[2m5 tests[22m[2m)[22m[33m 3795[2mms[22m[39m
     [33m[2m✓[22m[39m 32 路相同内容并发只发布一个完整 blob 且不留下 temp [33m 3762[2mms[22m[39m
 [32m✓[39m server/agent/profiles/leader-assets-profile.test.ts [2m([22m[2m17 tests[22m[2m)[22m[33m 1633[2mms[22m[39m
     [33m[2m✓[22m[39m leader.default 从 assets/workspace/.nbook 加载并使用 v3 工具名 [33m 583[2mms[22m[39m
 [32m✓[39m server/workspace-files/project-lifecycle.test.ts [2m([22m[2m93 tests[22m[2m | [22m[33m1 skipped[39m[2m)[22m[33m 3053[2mms[22m[39m
     [33m[2m✓[22m[39m 未提交root的snapshot refresh与并发健康ensure串行 [33m 417[2mms[22m[39m
 [32m✓[39m server/agent/profiles/profile-sdk-contract.test.ts [2m([22m[2m7 tests[22m[2m)[22m[33m 3139[2mms[22m[39m
     [33m[2m✓[22m[39m 编译器只放行正式 writing SDK 子入口 [33m 557[2mms[22m[39m
     [33m[2m✓[22m[39m 14 个内置 Profile 只通过 SDK 完成空目标编译 [33m 2536[2mms[22m[39m
 [32m✓[39m server/workspace-history/tracked-workspace-files.test.ts [2m([22m[2m6 tests[22m[2m)[22m[33m 2685[2mms[22m[39m
     [33m[2m✓[22m[39m 写文件：首写补 before 建 create 账，二写复用 knownBefore 记 edit [33m 468[2mms[22m[39m
     [33m[2m✓[22m[39m convert 文件转目录 = 一条 rename：时间线跨转换连续 [33m 429[2mms[22m[39m
     [33m[2m✓[22m[39m 目录 rename 展开为目录内逐文件 rename [33m 466[2mms[22m[39m
     [33m[2m✓[22m[39m 目录删除展开为逐文件 delete：before 快照可找回 [33m 454[2mms[22m[39m
     [33m[2m✓[22m[39m createDirectory 附带 index 内容记账（目录本身不是账面对象） [33m 431[2mms[22m[39m
     [33m[2m✓[22m[39m upload 记账：仅 written 入账，二进制自动降级 hash-only [33m 435[2mms[22m[39m
 [32m✓[39m server/agent/harness/neuro-agent-harness.black-box.test.ts [2m([22m[2m31 tests[22m[2m)[22m[33m 2590[2mms[22m[39m
 [32m✓[39m server/agent/variables/variables.test.ts [2m([22m[2m23 tests[22m[2m)[22m[33m 2381[2mms[22m[39m
     [33m[2m✓[22m[39m Workspace Root / Project definition 只加载 hash 匹配的 .compiled artifact [33m 440[2mms[22m[39m
     [33m[2m✓[22m[39m variable definition manifest 未变化时保留 generatedAt [33m 708[2mms[22m[39m
     [33m[2m✓[22m[39m skipFresh 会在 type artifact 缺失时重新编译 variable definition [33m 523[2mms[22m[39m
     [33m[2m✓[22m[39m 只读 Product variable definition 新鲜时零写入，过期时要求重建 [33m 304[2mms[22m[39m
 [32m✓[39m server/agent/harness/file-change-reminder.test.ts [2m([22m[2m18 tests[22m[2m)[22m[33m 2348[2mms[22m[39m
     [33m[2m✓[22m[39m 他人变更注入 notice，成功轮推进游标，下轮不重复；首轮懒基线不淹没 [33m 581[2mms[22m[39m
     [33m[2m✓[22m[39m 模型失败不推进游标，notice 位于 CurrentUserInput 前并在成功重试后结算 [33m 548[2mms[22m[39m
     [33m[2m✓[22m[39m 敏感文件只注入引用和阻断说明，绝不把正文或 diff 送给 Agent [33m 570[2mms[22m[39m
     [33m[2m✓[22m[39m 有 Project 和未见变更，但 Profile 未声明节点时绝不注入 notice [33m 598[2mms[22m[39m
 [32m✓[39m server/agent/tools/sqlite-vec-smoke.test.ts [2m([22m[2m2 tests[22m[2m)[22m[33m 1529[2mms[22m[39m
     [33m[2m✓[22m[39m Bun runtime 能跑通 subject RAG 索引和检索 [33m 1492[2mms[22m[39m
 [32m✓[39m server/workspace-files/workspace-command.test.ts [2m([22m[2m7 tests[22m[2m)[22m[33m 1904[2mms[22m[39m
     [33m[2m✓[22m[39m create 只物化不存在目标，重复创建返回 PROJECT_EXISTS [33m 771[2mms[22m[39m
[warn] { path: 'manuscript/ch1.md',
  error:
   { LibsqlError: CLIENT_CLOSED: The client is closed
       at Sqlite3Client.#checkNotClosed (file:///D:/MyProject/neuro-book/node_modules/@libsql/client/lib-esm/sqlite3.js:201:19)
       at Sqlite3Client.execute (file:///D:/MyProject/neuro-book/node_modules/@libsql/client/lib-esm/sqlite3.js:82:29)
       at nameEndState (D:/MyProject/neuro-book/packages/nb-history/src/views.ts:183:29)
       at WorkspaceHistory.implicitReconcile (D:/MyProject/neuro-book/packages/nb-history/src/workspace-history.ts:830:41)
       at D:/MyProject/neuro-book/packages/nb-history/src/workspace-history.ts:165:41
       at processTicksAndRejections (node:internal/process/task_queues:103:5)
     code: 'CLIENT_CLOSED',
     extendedCode: undefined,
     rawCode: undefined,
     [cause]: undefined } } workspace-history 记账失败（fail-open 降级，历史由对账自愈）
 [32m✓[39m server/workspace-history/agent-file-recorder.test.ts [2m([22m[2m3 tests[22m[2m)[22m[33m 2143[2mms[22m[39m
     [33m[2m✓[22m[39m 写入归因 agent + String(sessionId)，删除记 before 快照，无Project地址静默跳过 [33m 798[2mms[22m[39m
     [33m[2m✓[22m[39m 显式跨Project地址直接按授权目标的exact generation归入目标Project [33m 843[2mms[22m[39m
     [33m[2m✓[22m[39m close/reopen后旧capture不会把记录写入新generation [33m 500[2mms[22m[39m
 [32m✓[39m server/workspace-files/authorized-file-operation.test.ts [2m([22m[2m5 tests[22m[2m)[22m[33m 1814[2mms[22m[39m
     [33m[2m✓[22m[39m exact Current Project 失效后拒绝文件操作，ready 时允许文件与 bash cwd [33m 492[2mms[22m[39m
     [33m[2m✓[22m[39m 跨 Project 路径必须捕获目标 exact ready generation [33m 821[2mms[22m[39m
     [33m[2m✓[22m[39m 绝对路径不推断其他 Project 身份，相对路径仍不能通过链接越界 [33m 489[2mms[22m[39m
 [32m✓[39m server/agent/tools/sql-tool.test.ts [2m([22m[2m8 tests[22m[2m)[22m[33m 1717[2mms[22m[39m
     [33m[2m✓[22m[39m 缺少invocationId时fail closed，不按持久化projectPath查询latest generation [33m 514[2mms[22m[39m
     [33m[2m✓[22m[39m 已open的Project通过工具公开入口执行当前generation SQL [33m 431[2mms[22m[39m
     [33m[2m✓[22m[39m close/reopen后旧invocation generation拒绝执行且不会切换到新generation [33m 475[2mms[22m[39m
 [32m✓[39m server/agent/variables/definition-artifact-staging.test.ts [2m([22m[2m4 tests[22m[2m)[22m[33m 1570[2mms[22m[39m
     [33m[2m✓[22m[39m 真实编译持有 heartbeat lease 时，即使 owner marker 过期也不会被删除 [33m 1548[2mms[22m[39m
 [32m✓[39m server/agent/session/agent-attachment-migration.test.ts [2m([22m[2m25 tests[22m[2m)[22m[33m 1490[2mms[22m[39m
 [32m✓[39m server/plot/project-plot-module.test.ts [2m([22m[2m5 tests[22m[2m)[22m[33m 1329[2mms[22m[39m
     [33m[2m✓[22m[39m 不同handle各自捕获open时的Project manifest，不接受运行时Project切换参数 [33m 791[2mms[22m[39m
     [33m[2m✓[22m[39m Plot client关闭失败时不删除entry，重试关闭同一个Prisma实例 [33m 469[2mms[22m[39m
[warn] { projectRoot: 'retry-maintenance',
  phase: 'maintenance',
  error:
   Error: injected maintenance failure
       at D:/MyProject/neuro-book/packages/neuro-book/server/workspace-history/project-history-module.test.ts:155:36
       at file:///D:/MyProject/neuro-book/node_modules/@vitest/runner/dist/chunk-artifact.js:1903:20 } workspace-history warm-up失败
 [32m✓[39m server/workspace-history/project-history-module.test.ts [2m([22m[2m9 tests[22m[2m)[22m[33m 1287[2mms[22m[39m
 [32m✓[39m server/api/agent/profiles/preview-prepare.post.test.ts [2m([22m[2m9 tests[22m[2m)[22m[33m 1388[2mms[22m[39m
     [33m[2m✓[22m[39m sourceOverride worker preview 触发 Project lifecycle error 时返回稳定 PROJECT_NOT_OPEN [33m 991[2mms[22m[39m
 [32m✓[39m server/agent/profiles/profile-http-service.test.ts [2m([22m[2m3 tests[22m[2m)[22m[33m 1035[2mms[22m[39m
     [33m[2m✓[22m[39m Project与未绑定Session共用真实Workspace Root，Project另携ready handle [33m 458[2mms[22m[39m
     [33m[2m✓[22m[39m Project-bound Profile prompt 看到同一 Project Workspace 的 workflow catalog [33m 549[2mms[22m[39m
 [32m✓[39m server/agent/harness/session-attachment.test.ts [2m([22m[2m16 tests[22m[2m)[22m[33m 1330[2mms[22m[39m
     [33m[2m✓[22m[39m Project session attachment 复用 Project open gate [33m 498[2mms[22m[39m
     [33m[2m✓[22m[39m Project、Workspace Root .nbook 与绝对路径快照都生成稳定副本，并拒绝 Attachment Store 自引用 [33m 500[2mms[22m[39m
 [32m✓[39m server/api/agent/profiles/compile.post.test.ts [2m([22m[2m7 tests[22m[2m)[22m[33m 1260[2mms[22m[39m
     [33m[2m✓[22m[39m preview 触发 Project lifecycle error 时返回稳定 PROJECT_NOT_OPEN [33m 969[2mms[22m[39m
 [32m✓[39m server/agent/workflow/workflow-demo-service.test.ts [2m([22m[2m11 tests[22m[2m)[22m[33m 1114[2mms[22m[39m
     [33m[2m✓[22m[39m waiting 不读取 summary，resume 完成后的 RunState 带终态 summary [33m 721[2mms[22m[39m
 [32m✓[39m server/agent/harness/agent-workspace-state-root.test.ts [2m([22m[2m4 tests[22m[2m)[22m[33m 1036[2mms[22m[39m
     [33m[2m✓[22m[39m session保存workspace逻辑引用时，write/apply_patch/bash只写入Portable data/workspace [32m 300[2mms[22m[39m
     [33m[2m✓[22m[39m Project-bound session的文件工具与bash共用Portable内Project Workspace File Scope [33m 729[2mms[22m[39m
 [32m✓[39m server/api/projects/close.post.test.ts [2m([22m[2m4 tests[22m[2m)[22m[33m 1142[2mms[22m[39m
     [33m[2m✓[22m[39m 无人在场时关闭 Project 会话 [33m 981[2mms[22m[39m
 [32m✓[39m server/workspace-files/project-database-module.test.ts [2m([22m[2m5 tests[22m[2m)[22m[33m 990[2mms[22m[39m
     [33m[2m✓[22m[39m 以required database token注册并同步返回精确generation handle [33m 328[2mms[22m[39m
     [33m[2m✓[22m[39m ready完成前建立Project schema并发布初始化函数返回的绝对数据库路径 [33m 326[2mms[22m[39m
     [33m[2m✓[22m[39m schema初始化期间取消时在初始化返回后拒绝ready且close可重复 [33m 327[2mms[22m[39m
 [32m✓[39m server/api/workspace-files/events.get.test.ts [2m([22m[2m5 tests[22m[2m)[22m[33m 971[2mms[22m[39m
 [32m✓[39m server/api/agent/sessions/[sessionId]/entries/[entryId]/attachments/[contentIndex].get.test.ts [2m([22m[2m12 tests[22m[2m)[22m[33m 971[2mms[22m[39m
 [32m✓[39m server/api/projects/open.post.test.ts [2m([22m[2m1 test[22m[2m)[22m[33m 962[2mms[22m[39m
     [33m[2m✓[22m[39m 返回 Lifecycle 发布结果而不是临时 success 响应 [33m 960[2mms[22m[39m
 [32m✓[39m server/api/projects/cover-multipart.test.ts [2m([22m[2m1 test[22m[2m)[22m[33m 979[2mms[22m[39m
     [33m[2m✓[22m[39m 真实 FormData 的空 File.type 经过 Busboy 后仍按 PNG bytes 上传 [33m 977[2mms[22m[39m
 [32m✓[39m server/api/projects/cover.get.test.ts [2m([22m[2m5 tests[22m[2m)[22m[33m 946[2mms[22m[39m
     [33m[2m✓[22m[39m 只把 manifest 封面路径交给受约束 reader，并返回图片缓存头 [33m 940[2mms[22m[39m
 [32m✓[39m server/api/projects/rag/overview.get.test.ts [2m([22m[2m1 test[22m[2m)[22m[33m 990[2mms[22m[39m
     [33m[2m✓[22m[39m Project 未 open 时返回稳定 PROJECT_NOT_OPEN [33m 988[2mms[22m[39m
 [32m✓[39m server/api/projects/index.get.test.ts [2m([22m[2m2 tests[22m[2m)[22m[33m 943[2mms[22m[39m
     [33m[2m✓[22m[39m 返回 Lifecycle snapshot 的 revision 与轻量 Project DTO [33m 939[2mms[22m[39m
 [32m✓[39m server/api/agent/workflow-demo/session-lifecycle.test.ts [2m([22m[2m14 tests[22m[2m)[22m[33m 948[2mms[22m[39m
 [32m✓[39m server/api/agent/sessions/[sessionId]/context-inspection.get.test.ts [2m([22m[2m2 tests[22m[2m)[22m[33m 969[2mms[22m[39m
 [32m✓[39m server/api/agent/sessions/[sessionId]/abort.post.test.ts [2m([22m[2m7 tests[22m[2m)[22m[33m 924[2mms[22m[39m
     [33m[2m✓[22m[39m 校验 body 后转发 abort 请求并保留 aborted 响应 [33m 918[2mms[22m[39m
 [32m✓[39m server/api/projects/control-plane-open-guard.test.ts [2m([22m[2m2 tests[22m[2m)[22m[33m 951[2mms[22m[39m
     [33m[2m✓[22m[39m POST /api/projects 未 open 时仍可创建 Project [33m 920[2mms[22m[39m
 [32m✓[39m server/api/projects/cover-mutation-routes.test.ts [2m([22m[2m4 tests[22m[2m)[22m[33m 978[2mms[22m[39m
 [32m✓[39m server/api/agent/sessions/[sessionId]/entries/[entryId]/user-content.get.test.ts [2m([22m[2m3 tests[22m[2m)[22m[33m 957[2mms[22m[39m
 [32m✓[39m server/api/agent/sessions/[sessionId]/current-project.post.test.ts [2m([22m[2m5 tests[22m[2m)[22m[33m 911[2mms[22m[39m
     [33m[2m✓[22m[39m 把 Picker 选择的 Project 交给 Session recovery 重绑 [33m 906[2mms[22m[39m
 [32m✓[39m server/agent/session/migrations/session-v2/migration.test.ts [2m([22m[2m14 tests[22m[2m)[22m[33m 971[2mms[22m[39m
 [32m✓[39m server/agent/tools/web-tools.test.ts [2m([22m[2m6 tests[22m[2m)[22m[33m 578[2mms[22m[39m
     [33m[2m✓[22m[39m web_fetch 本地 HTML 抓取会转为 markdown [33m 565[2mms[22m[39m
 [32m✓[39m server/workspace-files/system-asset-installation.test.ts [2m([22m[2m34 tests[22m[2m)[22m[33m 535[2mms[22m[39m
 [32m✓[39m server/workspace-files/project-workspace.test.ts [2m([22m[2m2 tests[22m[2m)[22m[33m 606[2mms[22m[39m
     [33m[2m✓[22m[39m 会把旧 StoryPlot 备份并合并到 Scene，同时清理 plot ref [33m 600[2mms[22m[39m
 [32m✓[39m server/workspace-files/workspace-file-events.test.ts [2m([22m[2m2 tests[22m[2m)[22m[33m 698[2mms[22m[39m
     [33m[2m✓[22m[39m tree index 会推送外部文件新增和修改事件 [33m 385[2mms[22m[39m
     [33m[2m✓[22m[39m tree index 会推送外部目录删除事件并移除缓存中的子树 [33m 311[2mms[22m[39m
 [32m✓[39m server/agent/skills/llmlint.test.ts [2m([22m[2m48 tests[22m[2m)[22m[33m 532[2mms[22m[39m
 [32m✓[39m server/agent/session/migrations/session-v2-review-repair/migration.test.ts [2m([22m[2m2 tests[22m[2m)[22m[32m 186[2mms[22m[39m
 [32m✓[39m server/agent/harness/pi-runtime-resolver.test.ts [2m([22m[2m12 tests[22m[2m)[22m[33m 508[2mms[22m[39m
     [33m[2m✓[22m[39m OpenAI Completions adapter 对无响应体的 500 按 maxRetries 重试 [33m 428[2mms[22m[39m
 [32m✓[39m server/workspace-files/project-session-test-utils.test.ts [2m([22m[2m2 tests[22m[2m)[22m[33m 460[2mms[22m[39m
     [33m[2m✓[22m[39m 删除只作用于隔离Workspace Root内的指定Project [33m 453[2mms[22m[39m
 [32m✓[39m server/workspace-files/project-workspace-index.test.ts [2m([22m[2m13 tests[22m[2m)[22m[33m 512[2mms[22m[39m
 [32m✓[39m server/workspace-files/workspace-archive.test.ts [2m([22m[2m4 tests[22m[2m)[22m[33m 402[2mms[22m[39m
 [32m✓[39m server/media/image-variant.test.ts [2m([22m[2m13 tests[22m[2m)[22m[33m 354[2mms[22m[39m
 [32m✓[39m server/workspace-files/project-lifecycle-watcher.test.ts [2m([22m[2m3 tests[22m[2m)[22m[33m 496[2mms[22m[39m
[90mstdout[2m | server/agent/skills/silly-tavern-card-cli.test.ts[2m > [22m[2msilly-tavern-card cli helpers[2m > [22m[2munpack 生成稳定解包目录和单个 generated.json
[22m[39munpack wrote: reference/silly-tavern/Synthetic-ST-Card
character-card: Synthetic ST Card

[90mstdout[2m | server/agent/skills/silly-tavern-card-cli.test.ts[2m > [22m[2msilly-tavern-card cli helpers[2m > [22m[2munpack 生成稳定解包目录和单个 generated.json
[22m[39munpack wrote: reference/silly-tavern/Synthetic-ST-Card
character-card: Synthetic ST Card

 [32m✓[39m server/workspace-files/project-lock.test.ts [2m([22m[2m9 tests[22m[2m)[22m[33m 349[2mms[22m[39m
[90mstdout[2m | server/agent/skills/silly-tavern-card-cli.test.ts[2m > [22m[2msilly-tavern-card cli helpers[2m > [22m[2mimport 从解包目录导入 worldbook，并拒绝 unknown 解包
[22m[39munpack wrote: reference/silly-tavern/Synthetic-ST-Card
character-card: Synthetic ST Card

[90mstdout[2m | server/agent/skills/silly-tavern-card-cli.test.ts[2m > [22m[2msilly-tavern-card cli helpers[2m > [22m[2mimport 从解包目录导入 worldbook，并拒绝 unknown 解包
[22m[39mimport finished: Synthetic ST Card
mapping: lorebook/character (1)
mapping: lorebook/location (1)
mapping: lorebook/faction (1)
mapping: lorebook/world/rule (1)
mapping: lorebook/item (1)
mapping: lorebook/event (1)
mapping: lorebook/note (3)
mapping: lorebook/system (1)
mapping: lorebook/species (2)
dynamic archived entries: 1
structural markers: 1
needs review: 3
- lorebook/character/000001-Synthetic-ST-Card-角色-艾丽丝/index.md
- lorebook/location/帝国/白曜城/下城区/index.md
- lorebook/faction/000003-Synthetic-ST-Card-势力-银月公会/index.md
- lorebook/world/rule/000004-Synthetic-ST-Card-规则-魔法体系/index.md
- lorebook/item/000005-Synthetic-ST-Card-物品-世界之心/index.md
- lorebook/event/000006-Synthetic-ST-Card-事件-黄昏战争/index.md
- reference/silly-tavern/Synthetic-ST-Card/dynamic-worldbook/000007-InitVar-状态变量.md
- lorebook/note/000008-Synthetic-ST-Card-神秘条目/index.md
- lorebook/system/000009-Synthetic-ST-Card-命定系统-核心数值/index.md
- lorebook/note/000010-Synthetic-ST-Card-角色-地点-混合条目/index.md
- lorebook/note/000011-Synthetic-ST-Card-状态栏格式/index.md
- lorebook/species/000012-Synthetic-ST-Card-种族-精灵/index.md
- lorebook/species/000013-Synthetic-ST-Card-DLC-扩展-克系外神-种族-深潜者/index.md
- reference/silly-tavern/Synthetic-ST-Card/simulation-migration/README.md
- reference/silly-tavern/Synthetic-ST-Card/simulation-migration/simulator-candidates.md
- reference/silly-tavern/Synthetic-ST-Card/simulation-migration/writer-candidates.md
- reference/silly-tavern/Synthetic-ST-Card/simulation-migration/subject-candidates.md
- reference/silly-tavern/Synthetic-ST-Card/simulation-migration/entity-candidates.md
- reference/silly-tavern/Synthetic-ST-Card/simulation-migration/unsupported-runtime.md
- reference/silly-tavern/Synthetic-ST-Card/import-report.md

[90mstdout[2m | server/agent/skills/silly-tavern-card-cli.test.ts[2m > [22m[2msilly-tavern-card cli helpers[2m > [22m[2mimport 从解包目录导入 worldbook，并拒绝 unknown 解包
[22m[39munpack wrote: reference/unknown/unknown
unknown: unknown

[90mstdout[2m | server/agent/skills/silly-tavern-card-cli.test.ts[2m > [22m[2msilly-tavern-card cli helpers[2m > [22m[2m按确定性分类映射稳定 worldbook，并归档动态条目和卡片主体素材
[22m[39munpack wrote: reference/silly-tavern/Synthetic-ST-Card
character-card: Synthetic ST Card

[90mstdout[2m | server/agent/skills/silly-tavern-card-cli.test.ts[2m > [22m[2msilly-tavern-card cli helpers[2m > [22m[2m--rp 只生成 simulation-migration 候选，不创建 simulation 运行态
[22m[39munpack wrote: reference/silly-tavern/Synthetic-ST-Card
character-card: Synthetic ST Card

[90mstdout[2m | server/agent/skills/silly-tavern-card-cli.test.ts[2m > [22m[2msilly-tavern-card cli helpers[2m > [22m[2m--rp 只生成 simulation-migration 候选，不创建 simulation 运行态
[22m[39mimport finished: Synthetic ST Card
mapping: lorebook/character (1)
mapping: lorebook/location (1)
mapping: lorebook/faction (1)
mapping: lorebook/world/rule (1)
mapping: lorebook/item (1)
mapping: lorebook/event (1)
mapping: lorebook/note (3)
mapping: lorebook/system (1)
mapping: lorebook/species (2)
dynamic archived entries: 1
structural markers: 1
needs review: 3
- lorebook/character/000001-Synthetic-ST-Card-角色-艾丽丝/index.md
- lorebook/location/帝国/白曜城/下城区/index.md
- lorebook/faction/000003-Synthetic-ST-Card-势力-银月公会/index.md
- lorebook/world/rule/000004-Synthetic-ST-Card-规则-魔法体系/index.md
- lorebook/item/000005-Synthetic-ST-Card-物品-世界之心/index.md
- lorebook/event/000006-Synthetic-ST-Card-事件-黄昏战争/index.md
- reference/silly-tavern/Synthetic-ST-Card/dynamic-worldbook/000007-InitVar-状态变量.md
- lorebook/note/000008-Synthetic-ST-Card-神秘条目/index.md
- lorebook/system/000009-Synthetic-ST-Card-命定系统-核心数值/index.md
- lorebook/note/000010-Synthetic-ST-Card-角色-地点-混合条目/index.md
- lorebook/note/000011-Synthetic-ST-Card-状态栏格式/index.md
- lorebook/species/000012-Synthetic-ST-Card-种族-精灵/index.md
- lorebook/species/000013-Synthetic-ST-Card-DLC-扩展-克系外神-种族-深潜者/index.md
- reference/silly-tavern/Synthetic-ST-Card/simulation-migration/README.md
- reference/silly-tavern/Synthetic-ST-Card/simulation-migration/simulator-candidates.md
- reference/silly-tavern/Synthetic-ST-Card/simulation-migration/writer-candidates.md
- reference/silly-tavern/Synthetic-ST-Card/simulation-migration/subject-candidates.md
- reference/silly-tavern/Synthetic-ST-Card/simulation-migration/entity-candidates.md
- reference/silly-tavern/Synthetic-ST-Card/simulation-migration/unsupported-runtime.md
- reference/silly-tavern/Synthetic-ST-Card/import-report.md

 [32m✓[39m server/agent/skills/silly-tavern-card-cli.test.ts [2m([22m[2m11 tests[22m[2m)[22m[33m 348[2mms[22m[39m
 [32m✓[39m server/agent/tools/workflow-tools.test.ts [2m([22m[2m5 tests[22m[2m)[22m[33m 362[2mms[22m[39m
 [32m✓[39m server/agent/profiles/writer-profile-contract.test.ts [2m([22m[2m4 tests[22m[2m)[22m[32m 289[2mms[22m[39m
 [32m✓[39m server/agent/workflow/workflow-catalog.test.ts [2m([22m[2m5 tests[22m[2m)[22m[33m 333[2mms[22m[39m
 [32m✓[39m server/agent/jobs/agent-job-manager.test.ts [2m([22m[2m21 tests[22m[2m)[22m[33m 336[2mms[22m[39m
 [32m✓[39m app/components/novel-ide/agent/useAgentSessionStream.test.ts [2m([22m[2m33 tests[22m[2m)[22m[33m 325[2mms[22m[39m
 [32m✓[39m server/agent/profiles/workbench-service.test.ts [2m([22m[2m8 tests[22m[2m)[22m[33m 321[2mms[22m[39m
 [32m✓[39m server/agent/workflow/book-deconstruct.workflow.test.ts [2m([22m[2m3 tests[22m[2m)[22m[33m 306[2mms[22m[39m
 [32m✓[39m server/agent/workflow/character-qa-fanout.workflow.test.ts [2m([22m[2m3 tests[22m[2m)[22m[33m 315[2mms[22m[39m
[warn] { method: 'POST',
  path: '/api/agent/workflow/runs',
  issues:
   [ { code: 'invalid_type',
       path: [Array],
       message: 'Invalid input: expected string, received undefined' } ] } 请求体验证失败
[warn] { method: 'POST',
  path: '/api/agent/workflow/runs',
  issues: [ { code: 'custom', path: [Array], message: 'projectRoot 必须是一级目录名' } ] } 请求体验证失败
 [32m✓[39m server/agent/workflow/workflow-builtins.test.ts [2m([22m[2m4 tests[22m[2m)[22m[33m 305[2mms[22m[39m
 [32m✓[39m server/api/agent/workflow/runs.post.test.ts [2m([22m[2m7 tests[22m[2m)[22m[33m 301[2mms[22m[39m
 [32m✓[39m server/workspace-files/project-cover-mutation.test.ts [2m([22m[2m5 tests[22m[2m)[22m[33m 307[2mms[22m[39m
 [32m✓[39m server/agent/workflow/chapter-write-review-revise.workflow.test.ts [2m([22m[2m3 tests[22m[2m)[22m[33m 302[2mms[22m[39m
 [32m✓[39m server/agent/workflow/consistency-audit.workflow.test.ts [2m([22m[2m3 tests[22m[2m)[22m[33m 303[2mms[22m[39m
 [32m✓[39m server/workspace-files/test-workspace-fixture.test.ts [2m([22m[2m4 tests[22m[2m)[22m[32m 270[2mms[22m[39m
 [32m✓[39m server/middleware/auth.test.ts [2m([22m[2m2 tests[22m[2m)[22m[32m 297[2mms[22m[39m
 [32m✓[39m server/world-engine/schema-loader.test.ts [2m([22m[2m2 tests[22m[2m)[22m[32m 271[2mms[22m[39m
 [32m✓[39m server/agent/session/write-plan.test.ts [2m([22m[2m20 tests[22m[2m)[22m[32m 248[2mms[22m[39m
 [32m✓[39m server/api/agent/sessions/[sessionId]/index.get.test.ts [2m([22m[2m5 tests[22m[2m)[22m[32m 259[2mms[22m[39m
 [32m✓[39m server/agent/skills/novel-data-cli.test.ts [2m([22m[2m6 tests[22m[2m)[22m[32m 196[2mms[22m[39m
 [32m✓[39m server/workspace-files/project-identity.test.ts [2m([22m[2m4 tests[22m[2m)[22m[32m 237[2mms[22m[39m
 [32m✓[39m server/runtime/authoring-cache.test.ts [2m([22m[2m10 tests[22m[2m)[22m[32m 229[2mms[22m[39m
 [32m✓[39m server/config/boot-config.test.ts [2m([22m[2m4 tests[22m[2m)[22m[32m 195[2mms[22m[39m
 [32m✓[39m server/agent/session/session-repo.test.ts [2m([22m[2m28 tests[22m[2m)[22m[32m 183[2mms[22m[39m
 [32m✓[39m app/composables/useInlineEditorAgentController.test.ts [2m([22m[2m1 test[22m[2m)[22m[32m 232[2mms[22m[39m
 [32m✓[39m server/api/agent/workflow/catalog.get.test.ts [2m([22m[2m1 test[22m[2m)[22m[32m 178[2mms[22m[39m
 [32m✓[39m server/agent/harness/neuro-agent-harness-payload.test.ts [2m([22m[2m8 tests[22m[2m)[22m[32m 194[2mms[22m[39m
 [32m✓[39m server/api/workspace-history/revision-routes.test.ts [2m([22m[2m6 tests[22m[2m)[22m[32m 171[2mms[22m[39m
 [32m✓[39m server/api/auth/login.post.test.ts [2m([22m[2m2 tests[22m[2m)[22m[32m 163[2mms[22m[39m
 [32m✓[39m server/database/sqlite-location.test.ts [2m([22m[2m14 tests[22m[2m | [22m[33m1 skipped[39m[2m)[22m[32m 143[2mms[22m[39m
 [32m✓[39m server/utils/auth.test.ts [2m([22m[2m10 tests[22m[2m)[22m[32m 145[2mms[22m[39m
 [32m✓[39m app/stores/novel-ide.test.ts [2m([22m[2m10 tests[22m[2m)[22m[32m 119[2mms[22m[39m
(node:24508) ExperimentalWarning: SQLite is an experimental feature and might change at any time
(Use `node --trace-warnings ...` to show where the warning was created)
 [32m✓[39m server/database/app-sqlite-migrations.test.ts [2m([22m[2m1 test[22m[2m)[22m[32m 138[2mms[22m[39m
 [32m✓[39m server/runtime/product-startup.test.ts [2m([22m[2m6 tests[22m[2m)[22m[32m 124[2mms[22m[39m
 [32m✓[39m server/agent/observability/context-inspection.test.tsx [2m([22m[2m4 tests[22m[2m)[22m[32m 149[2mms[22m[39m
 [32m✓[39m server/low-code-form/low-code-form.test.ts [2m([22m[2m22 tests[22m[2m)[22m[32m 119[2mms[22m[39m
 [32m✓[39m server/models/discovery.test.ts [2m([22m[2m21 tests[22m[2m)[22m[32m 124[2mms[22m[39m
 [32m✓[39m server/api/config/models/provider-discover.post.test.ts [2m([22m[2m15 tests[22m[2m)[22m[32m 118[2mms[22m[39m
 [32m✓[39m server/agent/session/agent-session-store-release.test.ts [2m([22m[2m7 tests[22m[2m)[22m[32m 111[2mms[22m[39m
 [32m✓[39m server/workspace-files/system-assets-projection.test.ts [2m([22m[2m5 tests[22m[2m)[22m[32m 106[2mms[22m[39m
 [32m✓[39m server/api/admin/users/[userId]/password.put.test.ts [2m([22m[2m1 test[22m[2m)[22m[32m 97[2mms[22m[39m
 [32m✓[39m server/workspace-files/project-open-guard.test.ts [2m([22m[2m3 tests[22m[2m)[22m[32m 102[2mms[22m[39m
 [32m✓[39m server/api/config/models/model-check.post.test.ts [2m([22m[2m4 tests[22m[2m)[22m[32m 87[2mms[22m[39m
 [32m✓[39m server/api/workspace-files/write.put.test.ts [2m([22m[2m2 tests[22m[2m)[22m[32m 98[2mms[22m[39m
 [32m✓[39m server/agent/observability/harness-trace-segments.test.tsx [2m([22m[2m2 tests[22m[2m)[22m[32m 114[2mms[22m[39m
 [32m✓[39m server/agent/observability/unified-entry-guard.test.ts [2m([22m[2m1 test[22m[2m)[22m[32m 100[2mms[22m[39m
 [32m✓[39m server/agent/events/public-event-projection.test.ts [2m([22m[2m15 tests[22m[2m)[22m[32m 93[2mms[22m[39m
[warn] { path:
   'C:\\Users\\ADMINI~1\\AppData\\Local\\Temp\\neuro-book\\test-paths\\nbook-world-engine-cleanup-retry-pZusdh\\world-engine\\.runtime-artifact-import-cache',
  error:
   Error: simulated EBUSY
       at Object.<anonymous> (D:/MyProject/neuro-book/packages/neuro-book/server/world-engine/single-file-typescript-config-import.test.ts:48:23)
       at Object.rm (file:///D:/MyProject/neuro-book/node_modules/@vitest/spy/dist/index.js:332:34)
       at removeOldRuntimeCache (D:/MyProject/neuro-book/packages/neuro-book/server/world-engine/single-file-typescript-config-import.ts:287:14)
       at importHashedTypeScript (D:/MyProject/neuro-book/packages/neuro-book/server/world-engine/single-file-typescript-config-import.ts:269:19)
       at processTicksAndRejections (node:internal/process/task_queues:103:5)
       at importValidatedHashedTypeScript (D:/MyProject/neuro-book/packages/neuro-book/server/world-engine/single-file-typescript-config-import.ts:241:12)
       at importSingleFileTypeScriptConfig (D:/MyProject/neuro-book/packages/neuro-book/server/world-engine/single-file-typescript-config-import.ts:60:16)
       at D:/MyProject/neuro-book/packages/neuro-book/server/world-engine/single-file-typescript-config-import.test.ts:62:9
       at file:///D:/MyProject/neuro-book/node_modules/@vitest/runner/dist/chunk-artifact.js:1903:20 } World Engine 旧 runtime artifact cache 清理失败，将在后续加载重试
 [32m✓[39m server/world-engine/single-file-typescript-config-import.test.ts [2m([22m[2m5 tests[22m[2m)[22m[32m 88[2mms[22m[39m
 [32m✓[39m server/workspace-files/project-session-service.test.ts [2m([22m[2m20 tests[22m[2m)[22m[32m 84[2mms[22m[39m
 [32m✓[39m shared/product-runtime-receipt.test.ts [2m([22m[2m4 tests[22m[2m)[22m[32m 88[2mms[22m[39m
 [32m✓[39m app/components/markdown-studio/tiptap/empty-document-default.test.ts [2m([22m[2m5 tests[22m[2m)[22m[32m 95[2mms[22m[39m
 [32m✓[39m server/workspace-files/project-session-runtime.test.ts [2m([22m[2m22 tests[22m[2m)[22m[32m 83[2mms[22m[39m
 [32m✓[39m server/workspace-files/system-assets-preflight.test.ts [2m([22m[2m1 test[22m[2m)[22m[32m 93[2mms[22m[39m
 [32m✓[39m server/api/agent/sessions/[sessionId]/attachments.post.test.ts [2m([22m[2m6 tests[22m[2m)[22m[32m 82[2mms[22m[39m
 [32m✓[39m server/agent/profiles/profile-build-coordinator.test.ts [2m([22m[2m13 tests[22m[2m)[22m[32m 87[2mms[22m[39m
 [32m✓[39m server/api/agent/jobs/events.get.test.ts [2m([22m[2m8 tests[22m[2m)[22m[32m 73[2mms[22m[39m
 [32m✓[39m server/workspace-files/project-session-hmr.test.ts [2m([22m[2m1 test[22m[2m)[22m[32m 78[2mms[22m[39m
 [32m✓[39m server/api/config/models/provider-check.post.test.ts [2m([22m[2m2 tests[22m[2m)[22m[32m 85[2mms[22m[39m
 [32m✓[39m server/api/projects/presence.get.test.ts [2m([22m[2m2 tests[22m[2m)[22m[32m 72[2mms[22m[39m
 [32m✓[39m server/agent/profiles/profile-home.test.ts [2m([22m[2m7 tests[22m[2m)[22m[32m 80[2mms[22m[39m
 [32m✓[39m server/agent/workflow/workflow-session-port.test.ts [2m([22m[2m5 tests[22m[2m)[22m[32m 69[2mms[22m[39m
 [32m✓[39m server/agent/attachments/agent-attachment-codec.test.ts [2m([22m[2m7 tests[22m[2m)[22m[32m 71[2mms[22m[39m
 [32m✓[39m server/agent/harness/compaction.test.ts [2m([22m[2m10 tests[22m[2m)[22m[32m 76[2mms[22m[39m
 [32m✓[39m server/api/workspace-files/read.get.test.ts [2m([22m[2m1 test[22m[2m)[22m[32m 71[2mms[22m[39m
 [32m✓[39m scripts/db/passport-official-origin-migration.test.ts [2m([22m[2m1 test[22m[2m)[22m[32m 65[2mms[22m[39m
 [32m✓[39m server/api/agent/jobs/index.get.test.ts [2m([22m[2m6 tests[22m[2m)[22m[32m 68[2mms[22m[39m
 [32m✓[39m server/agent/drafts/agent-composer-draft-store.test.ts [2m([22m[2m5 tests[22m[2m)[22m[32m 65[2mms[22m[39m
 [32m✓[39m server/world-engine/codeact-sandbox.test.ts [2m([22m[2m9 tests[22m[2m)[22m[32m 57[2mms[22m[39m
 [32m✓[39m server/agent/session/agent-session-store.test.ts [2m([22m[2m10 tests[22m[2m)[22m[32m 66[2mms[22m[39m
 [32m✓[39m server/backup/backup-restore-service.test.ts [2m([22m[2m6 tests[22m[2m)[22m[32m 61[2mms[22m[39m
 [32m✓[39m app/components/novel-ide/agent/useAgentSession-pagination.test.ts [2m([22m[2m19 tests[22m[2m)[22m[32m 68[2mms[22m[39m
 [32m✓[39m server/agent/context-access/profile-context-access.test.ts [2m([22m[2m6 tests[22m[2m)[22m[32m 64[2mms[22m[39m
 [32m✓[39m server/workspace-history/nb-history-package-smoke.test.ts [2m([22m[2m1 test[22m[2m)[22m[32m 66[2mms[22m[39m
 [32m✓[39m server/agent/observability/harness-trace.test.ts [2m([22m[2m1 test[22m[2m)[22m[32m 60[2mms[22m[39m
 [32m✓[39m server/api/config/project-http-contract.test.ts [2m([22m[2m2 tests[22m[2m)[22m[32m 59[2mms[22m[39m
 [32m✓[39m server/agent/jobs/agent-job-durable-store.test.ts [2m([22m[2m2 tests[22m[2m)[22m[32m 23[2mms[22m[39m
 [32m✓[39m server/backup/backup-archive-service.test.ts [2m([22m[2m1 test[22m[2m)[22m[32m 60[2mms[22m[39m
 [32m✓[39m server/api/config/profile-home/reset.post.test.ts [2m([22m[2m1 test[22m[2m)[22m[32m 71[2mms[22m[39m
 [32m✓[39m server/agent/profiles/profile-artifact-staging.test.ts [2m([22m[2m3 tests[22m[2m)[22m[32m 54[2mms[22m[39m
 [32m✓[39m server/agent/profiles/profile-dsl.test.ts [2m([22m[2m38 tests[22m[2m)[22m[32m 57[2mms[22m[39m
 [32m✓[39m server/workspace-files/project-cover-upload.test.ts [2m([22m[2m8 tests[22m[2m)[22m[32m 51[2mms[22m[39m
 [32m✓[39m app/components/novel-ide/agent/useAgentSession.test.ts [2m([22m[2m12 tests[22m[2m)[22m[32m 52[2mms[22m[39m
 [32m✓[39m server/agent/events/public-tool-projection.test.ts [2m([22m[2m13 tests[22m[2m)[22m[32m 54[2mms[22m[39m
 [32m✓[39m server/agent/session/agent-session-store-runtime.test.ts [2m([22m[2m6 tests[22m[2m)[22m[32m 55[2mms[22m[39m
 [32m✓[39m server/agent/skills/skill-catalog.test.ts [2m([22m[2m8 tests[22m[2m)[22m[32m 62[2mms[22m[39m
 [32m✓[39m server/utils/runtime-artifact-authoring-interface.test.ts [2m([22m[2m12 tests[22m[2m)[22m[32m 53[2mms[22m[39m
(node:22580) ExperimentalWarning: SQLite is an experimental feature and might change at any time
(Use `node --trace-warnings ...` to show where the warning was created)
 [32m✓[39m server/rag/sqlite-vec-database.test.ts [2m([22m[2m3 tests[22m[2m)[22m[32m 53[2mms[22m[39m
 [32m✓[39m server/database/config.test.ts [2m([22m[2m4 tests[22m[2m)[22m[32m 46[2mms[22m[39m
 [32m✓[39m server/workspace-files/project-cover.test.ts [2m([22m[2m3 tests[22m[2m)[22m[32m 53[2mms[22m[39m
 [32m✓[39m server/workspace-files/project-file-index-path-policy.test.ts [2m([22m[2m5 tests[22m[2m)[22m[32m 52[2mms[22m[39m
 [32m✓[39m server/agent/observability/pi-request-recorder.test.ts [2m([22m[2m6 tests[22m[2m)[22m[32m 46[2mms[22m[39m
 [32m✓[39m server/agent/tools/task-tools.test.ts [2m([22m[2m2 tests[22m[2m)[22m[32m 46[2mms[22m[39m
 [32m✓[39m scripts/db/prisma-env.test.ts [2m([22m[2m2 tests[22m[2m)[22m[32m 46[2mms[22m[39m
 [32m✓[39m server/agent/profiles/profile-artifact-gc.test.ts [2m([22m[2m11 tests[22m[2m)[22m[32m 48[2mms[22m[39m
 [32m✓[39m server/agent/tools/bash-output-store.test.ts [2m([22m[2m6 tests[22m[2m)[22m[32m 47[2mms[22m[39m
 [32m✓[39m server/utils/runtime-artifact-import.test.ts [2m([22m[2m4 tests[22m[2m)[22m[32m 45[2mms[22m[39m
 [32m✓[39m app/components/markdown-studio/tiptap/markdown-editor-extensions.test.ts [2m([22m[2m18 tests[22m[2m)[22m[32m 43[2mms[22m[39m
 [32m✓[39m app/components/novel-ide/settings/useModelCheckSession.test.ts [2m([22m[2m3 tests[22m[2m)[22m[32m 27[2mms[22m[39m
 [32m✓[39m server/agent/observability/pi-trace-reader.test.ts [2m([22m[2m5 tests[22m[2m)[22m[32m 34[2mms[22m[39m
 [32m✓[39m server/app-logs/logger.test.ts [2m([22m[2m9 tests[22m[2m)[22m[32m 35[2mms[22m[39m
 [32m✓[39m server/utils/runtime-artifact-compiler-context.test.ts [2m([22m[2m4 tests[22m[2m)[22m[32m 31[2mms[22m[39m
 [32m✓[39m server/agent/harness/session-query.test.ts [2m([22m[2m2 tests[22m[2m)[22m[32m 43[2mms[22m[39m
 [32m✓[39m server/openapi/generate-spec.test.ts [2m([22m[2m4 tests[22m[2m)[22m[32m 50[2mms[22m[39m
 [32m✓[39m server/backup/backup-keyring-service.test.ts [2m([22m[2m7 tests[22m[2m)[22m[32m 31[2mms[22m[39m
 [32m✓[39m server/utils/model-settings.test.ts [2m([22m[2m17 tests[22m[2m)[22m[32m 34[2mms[22m[39m
 [32m✓[39m server/workspace-files/llmlint-skill-projection.test.ts [2m([22m[2m2 tests[22m[2m)[22m[32m 29[2mms[22m[39m
 [32m✓[39m server/agent/session/agent-session-store-lease.test.ts [2m([22m[2m6 tests[22m[2m)[22m[32m 30[2mms[22m[39m
 [32m✓[39m server/workspace-files/runtime-generated-path.test.ts [2m([22m[2m4 tests[22m[2m)[22m[32m 29[2mms[22m[39m
 [32m✓[39m server/workspace-files/workspace-tree-scan-race.test.ts [2m([22m[2m4 tests[22m[2m)[22m[32m 28[2mms[22m[39m
 [32m✓[39m server/api/project-root-contract.test.ts [2m([22m[2m1 test[22m[2m)[22m[32m 30[2mms[22m[39m
 [32m✓[39m server/api/projects/item.delete.test.ts [2m([22m[2m8 tests[22m[2m)[22m[32m 25[2mms[22m[39m
 [32m✓[39m app/components/markdown-studio/tiptap/dialect-fallback-dom.test.ts [2m([22m[2m2 tests[22m[2m)[22m[32m 28[2mms[22m[39m
 [32m✓[39m server/workspace-files/workspace-tree-scan-abort.test.ts [2m([22m[2m6 tests[22m[2m)[22m[32m 29[2mms[22m[39m
 [32m✓[39m server/workspace-files/system-workspace-assets.test.ts [2m([22m[2m6 tests[22m[2m)[22m[32m 25[2mms[22m[39m
 [32m✓[39m server/agent/events/public-chat-entry-projection.test.ts [2m([22m[2m51 tests[22m[2m)[22m[32m 26[2mms[22m[39m
 [32m✓[39m scripts/maintenance/migrate-session-model-refs.test.ts [2m([22m[2m3 tests[22m[2m)[22m[32m 27[2mms[22m[39m
 [32m✓[39m shared/reference-link.test.ts [2m([22m[2m7 tests[22m[2m)[22m[32m 19[2mms[22m[39m
 [32m✓[39m server/agent/variables/storage.test.ts [2m([22m[2m3 tests[22m[2m)[22m[32m 26[2mms[22m[39m
 [32m✓[39m server/agent/tools/plot-tools.test.ts [2m([22m[2m22 tests[22m[2m)[22m[32m 27[2mms[22m[39m
 [32m✓[39m server/workspace-files/test-tmp-sweep.test.ts [2m([22m[2m5 tests[22m[2m)[22m[32m 22[2mms[22m[39m
 [32m✓[39m server/backup/backup-envelope.test.ts [2m([22m[2m3 tests[22m[2m)[22m[32m 25[2mms[22m[39m
 [32m✓[39m server/agent/session/agent-session-store-hmr.test.ts [2m([22m[2m5 tests[22m[2m)[22m[32m 26[2mms[22m[39m
 [32m✓[39m server/deploy/prisma-runtime-preflight.test.ts [2m([22m[2m7 tests[22m[2m)[22m[32m 26[2mms[22m[39m
 [32m✓[39m server/agent/observability/traced-provider.test.ts [2m([22m[2m7 tests[22m[2m)[22m[32m 25[2mms[22m[39m
 [32m✓[39m server/workspace-files/workspace-file-conflict.test.ts [2m([22m[2m1 test[22m[2m)[22m[32m 25[2mms[22m[39m
 [32m✓[39m server/app-logs/archive.test.ts [2m([22m[2m1 test[22m[2m)[22m[32m 23[2mms[22m[39m
 [32m✓[39m server/agent/tools/file-tools.output-cleanup.test.ts [2m([22m[2m3 tests[22m[2m)[22m[32m 23[2mms[22m[39m
 [32m✓[39m server/workspace-files/workspace-upload.test.ts [2m([22m[2m5 tests[22m[2m)[22m[32m 22[2mms[22m[39m
 [32m✓[39m server/agent/tools/subject-rag-index.test.ts [2m([22m[2m2 tests[22m[2m)[22m[32m 22[2mms[22m[39m
 [32m✓[39m app/components/novel-ide/agent/agent-composer-draft.test.ts [2m([22m[2m11 tests[22m[2m)[22m[32m 20[2mms[22m[39m
 [32m✓[39m server/agent/events/agent-sse-writer.test.ts [2m([22m[2m4 tests[22m[2m)[22m[32m 27[2mms[22m[39m
 [32m✓[39m app/components/novel-ide/agent/agent-chat-surface-state.test.ts [2m([22m[2m59 tests[22m[2m)[22m[32m 20[2mms[22m[39m
 [32m✓[39m server/passport/official-site-transport.test.ts [2m([22m[2m10 tests[22m[2m)[22m[32m 22[2mms[22m[39m
 [32m✓[39m server/agent/http.test.ts [2m([22m[2m42 tests[22m[2m)[22m[32m 23[2mms[22m[39m
 [32m✓[39m server/agent/session/session-model-redaction.test.ts [2m([22m[2m4 tests[22m[2m)[22m[32m 17[2mms[22m[39m
 [32m✓[39m app/components/novel-ide/agent/useComposerImageTransaction.test.ts [2m([22m[2m7 tests[22m[2m)[22m[32m 21[2mms[22m[39m
 [32m✓[39m server/models/model-library.test.ts [2m([22m[2m2 tests[22m[2m)[22m[32m 21[2mms[22m[39m
 [32m✓[39m server/workspace-files/project-root-case-windows.test.ts [2m([22m[2m1 test[22m[2m)[22m[32m 20[2mms[22m[39m
 [32m✓[39m app/components/novel-ide/agent/agent-message.test.ts [2m([22m[2m9 tests[22m[2m)[22m[32m 21[2mms[22m[39m
 [32m✓[39m shared/agent/agent-image-markdown.test.ts [2m([22m[2m7 tests[22m[2m)[22m[32m 20[2mms[22m[39m
 [32m✓[39m app/composables/useAgentJobsFeed.test.ts [2m([22m[2m16 tests[22m[2m)[22m[32m 21[2mms[22m[39m
 [32m✓[39m server/api/workspace-files/download.get.test.ts [2m([22m[2m3 tests[22m[2m)[22m[32m 20[2mms[22m[39m
 [32m✓[39m server/api/agent/profiles/settings.get.test.ts [2m([22m[2m1 test[22m[2m)[22m[32m 19[2mms[22m[39m
 [32m✓[39m server/agent/profiles/profile-turn-context-generation.test.ts [2m([22m[2m1 test[22m[2m)[22m[32m 18[2mms[22m[39m
 [32m✓[39m server/agent/tools/agent-collaboration-tools.test.ts [2m([22m[2m15 tests[22m[2m)[22m[32m 17[2mms[22m[39m
 [32m✓[39m server/assets/asset-resolver.test.ts [2m([22m[2m2 tests[22m[2m)[22m[32m 17[2mms[22m[39m
 [32m✓[39m server/utils/app-config.test.ts [2m([22m[2m7 tests[22m[2m)[22m[32m 16[2mms[22m[39m
 [32m✓[39m server/workspace-files/project-data-plane-guard.test.ts [2m([22m[2m2 tests[22m[2m)[22m[32m 17[2mms[22m[39m
 [32m✓[39m server/workspace-files/workspace-files-containment.test.ts [2m([22m[2m3 tests[22m[2m)[22m[32m 18[2mms[22m[39m
 [32m✓[39m server/config/normalizer.test.ts [2m([22m[2m12 tests[22m[2m)[22m[32m 17[2mms[22m[39m
 [32m✓[39m app/components/novel-ide/agent/agent-pending-resolution.test.ts [2m([22m[2m9 tests[22m[2m)[22m[32m 16[2mms[22m[39m
 [32m✓[39m server/agent/session/dialogue-content.test.ts [2m([22m[2m1 test[22m[2m)[22m[32m 16[2mms[22m[39m
 [32m✓[39m server/passport/passport-client-service.test.ts [2m([22m[2m11 tests[22m[2m)[22m[32m 18[2mms[22m[39m
 [32m✓[39m server/agent/session/migrations/session-v2/legacy-decoder.test.ts [2m([22m[2m10 tests[22m[2m)[22m[32m 19[2mms[22m[39m
 [32m✓[39m server/utils/runtime-artifact-bundle-plugin.test.ts [2m([22m[2m1 test[22m[2m)[22m[32m 16[2mms[22m[39m
 [32m✓[39m server/agent/session/session-user-identity-migration.test.ts [2m([22m[2m2 tests[22m[2m)[22m[32m 18[2mms[22m[39m
 [32m✓[39m server/agent/workflow/workflow-run-vm.test.ts [2m([22m[2m2 tests[22m[2m)[22m[32m 18[2mms[22m[39m
 [32m✓[39m server/agent/attachments/attachment-store.test.ts [2m([22m[2m4 tests[22m[2m)[22m[32m 17[2mms[22m[39m
 [32m✓[39m server/api/workspace-files/upload-file.post.test.ts [2m([22m[2m2 tests[22m[2m)[22m[32m 16[2mms[22m[39m
 [32m✓[39m server/agent/tools/approval.test.ts [2m([22m[2m9 tests[22m[2m)[22m[32m 17[2mms[22m[39m
 [32m✓[39m server/runtime/state-root-integrity.test.ts [2m([22m[2m5 tests[22m[2m)[22m[32m 15[2mms[22m[39m
 [32m✓[39m app/composables/useProjectSession.test.ts [2m([22m[2m9 tests[22m[2m)[22m[32m 16[2mms[22m[39m
 [32m✓[39m server/plot/services/chapter-writer-brief.service.test.ts [2m([22m[2m12 tests[22m[2m)[22m[32m 14[2mms[22m[39m
 [32m✓[39m server/models/provider-template-library.test.ts [2m([22m[2m3 tests[22m[2m)[22m[32m 16[2mms[22m[39m
 [32m✓[39m server/world-engine/world-issue-catalog.test.ts [2m([22m[2m4 tests[22m[2m)[22m[32m 15[2mms[22m[39m
 [32m✓[39m server/workspace-files/project-root-identity.test.ts [2m([22m[2m3 tests[22m[2m)[22m[32m 15[2mms[22m[39m
 [32m✓[39m server/world-engine/zod-schema.test.ts [2m([22m[2m16 tests[22m[2m)[22m[32m 14[2mms[22m[39m
 [32m✓[39m server/api/workspace-files/upload-project.post.test.ts [2m([22m[2m2 tests[22m[2m)[22m[32m 16[2mms[22m[39m
 [32m✓[39m server/plot/services/decision.service.test.ts [2m([22m[2m14 tests[22m[2m)[22m[32m 16[2mms[22m[39m
 [32m✓[39m server/agent/session/migrations/shared/transaction.test.ts [2m([22m[2m3 tests[22m[2m)[22m[32m 13[2mms[22m[39m
 [32m✓[39m app/components/novel-ide/settings/useModelDiscoverySession.test.ts [2m([22m[2m8 tests[22m[2m)[22m[32m 14[2mms[22m[39m
 [32m✓[39m server/workspace-history/agent-change-diff-budget.test.ts [2m([22m[2m2 tests[22m[2m)[22m[32m 15[2mms[22m[39m
 [32m✓[39m server/plugins/error-logger.test.ts [2m([22m[2m1 test[22m[2m)[22m[32m 11[2mms[22m[39m
 [32m✓[39m shared/dto/agent-session.dto.test.ts [2m([22m[2m12 tests[22m[2m)[22m[32m 14[2mms[22m[39m
 [32m✓[39m server/agent/events/session-event-hub.test.ts [2m([22m[2m19 tests[22m[2m)[22m[32m 14[2mms[22m[39m
 [32m✓[39m server/agent/profiles/profile-artifact-store.test.ts [2m([22m[2m2 tests[22m[2m)[22m[32m 18[2mms[22m[39m
 [32m✓[39m shared/source-dev-launcher.test.ts [2m([22m[2m8 tests[22m[2m)[22m[32m 10[2mms[22m[39m
 [32m✓[39m server/runtime/paths/file-path.test.ts [2m([22m[2m7 tests[22m[2m)[22m[32m 13[2mms[22m[39m
 [32m✓[39m server/plot/services/chapter-prose.service.test.ts [2m([22m[2m3 tests[22m[2m)[22m[32m 12[2mms[22m[39m
 [32m✓[39m server/agent/session/attachment-migration-gate.test.ts [2m([22m[2m3 tests[22m[2m)[22m[32m 12[2mms[22m[39m
 [32m✓[39m server/api/app/version.get.test.ts [2m([22m[2m2 tests[22m[2m)[22m[32m 12[2mms[22m[39m
 [32m✓[39m server/agent/harness/pi-request-options.test.ts [2m([22m[2m13 tests[22m[2m)[22m[32m 12[2mms[22m[39m
 [32m✓[39m server/agent/tools/control-tools.test.ts [2m([22m[2m19 tests[22m[2m)[22m[32m 12[2mms[22m[39m
 [32m✓[39m shared/dto/app-settings.dto.test.ts [2m([22m[2m13 tests[22m[2m)[22m[32m 13[2mms[22m[39m
 [32m✓[39m server/agent/workflow/workflow-job.test.ts [2m([22m[2m4 tests[22m[2m)[22m[32m 13[2mms[22m[39m
 [32m✓[39m app/components/novel-ide/agent/session-tree.test.ts [2m([22m[2m23 tests[22m[2m)[22m[32m 11[2mms[22m[39m
 [32m✓[39m server/agent/session/attachment-runtime-lease.test.ts [2m([22m[2m1 test[22m[2m)[22m[32m 12[2mms[22m[39m
 [32m✓[39m app/components/novel-ide/settings/model-settings-draft.test.ts [2m([22m[2m14 tests[22m[2m)[22m[32m 10[2mms[22m[39m
 [32m✓[39m app/components/novel-ide/settings/useModelSettingsDraftSession.test.ts [2m([22m[2m6 tests[22m[2m)[22m[32m 14[2mms[22m[39m
 [32m✓[39m shared/markdown-workbench.test.ts [2m([22m[2m20 tests[22m[2m)[22m[32m 12[2mms[22m[39m
 [32m✓[39m server/agent/session/history-query.test.ts [2m([22m[2m7 tests[22m[2m)[22m[32m 11[2mms[22m[39m
 [32m✓[39m app/composables/usePassportLink.test.ts [2m([22m[2m5 tests[22m[2m)[22m[32m 13[2mms[22m[39m
[90mstderr[2m | server/runtime/shutdown/product-shutdown-client.test.ts[2m > [22m[2mProduct Runtime shutdown client[2m > [22m[2m未认证时转为Owned Process强制收口
[22m[39mProduct graceful shutdown 失败，转为强制收口：Product shutdown 返回 HTTP 401

[90mstderr[2m | server/runtime/shutdown/product-shutdown-client.test.ts[2m > [22m[2mProduct Runtime shutdown client[2m > [22m[2m连接失败时转为Owned Process强制收口
[22m[39mProduct graceful shutdown 失败，转为强制收口：connect ECONNREFUSED

[90mstderr[2m | server/runtime/shutdown/product-shutdown-client.test.ts[2m > [22m[2mProduct Runtime shutdown client[2m > [22m[2m202后等待退出超时会强制收口
[22m[39mProduct graceful shutdown 失败，转为强制收口：Product shutdown 在 25ms 内未退出

[90mstderr[2m | server/runtime/shutdown/product-shutdown-client.test.ts[2m > [22m[2mProduct Runtime shutdown client[2m > [22m[2mgraceful非零退出会强制收口
[22m[39mProduct graceful shutdown 失败，转为强制收口：Product graceful shutdown 异常退出：2

[90mstderr[2m | server/runtime/shutdown/product-shutdown-client.test.ts[2m > [22m[2mProduct Runtime shutdown client[2m > [22m[2mgraceful与force同时失败时保留两条错误链
[22m[39mProduct graceful shutdown 失败，转为强制收口：graceful failed

 [32m✓[39m server/runtime/shutdown/product-shutdown-client.test.ts [2m([22m[2m8 tests[22m[2m)[22m[32m 11[2mms[22m[39m
 [32m✓[39m server/api/projects/rag/project-rag-http-target.test.ts [2m([22m[2m2 tests[22m[2m)[22m[32m 9[2mms[22m[39m
 [32m✓[39m shared/reference-trigger.test.ts [2m([22m[2m11 tests[22m[2m)[22m[32m 10[2mms[22m[39m
 [32m✓[39m shared/dto/project.dto.test.ts [2m([22m[2m7 tests[22m[2m)[22m[32m 12[2mms[22m[39m
 [32m✓[39m app/utils/theme/notification-tone.test.ts [2m([22m[2m7 tests[22m[2m)[22m[32m 11[2mms[22m[39m
 [32m✓[39m server/agent/harness/agent-visible-models.test.ts [2m([22m[2m4 tests[22m[2m)[22m[32m 8[2mms[22m[39m
 [32m✓[39m server/api/app/logs/download.get.test.ts [2m([22m[2m1 test[22m[2m)[22m[32m 10[2mms[22m[39m
 [32m✓[39m server/agent/attachments/stable-attachment-snapshot-reader.test.ts [2m([22m[2m2 tests[22m[2m)[22m[32m 11[2mms[22m[39m
 [32m✓[39m server/agent/jobs/agent-job-event-hub.test.ts [2m([22m[2m10 tests[22m[2m)[22m[32m 9[2mms[22m[39m
 [32m✓[39m server/plugins/app-logs.test.ts [2m([22m[2m1 test[22m[2m)[22m[32m 11[2mms[22m[39m
 [32m✓[39m server/plot/services/promise.service.test.ts [2m([22m[2m9 tests[22m[2m)[22m[32m 10[2mms[22m[39m
 [32m✓[39m app/components/novel-ide/agent/agent-user-message-markdown.test.ts [2m([22m[2m3 tests[22m[2m)[22m[32m 11[2mms[22m[39m
 [32m✓[39m app/composables/agent-jobs-wiring.test.ts [2m([22m[2m6 tests[22m[2m)[22m[32m 9[2mms[22m[39m
 [32m✓[39m server/agent/session/agent-session-store-lease-compromise.test.ts [2m([22m[2m1 test[22m[2m)[22m[32m 11[2mms[22m[39m
 [32m✓[39m app/components/profile-template-editor/profile-template-responsive.contract.test.ts [2m([22m[2m5 tests[22m[2m)[22m[32m 10[2mms[22m[39m
 [32m✓[39m server/plot/services/scene-world-context.service.test.ts [2m([22m[2m4 tests[22m[2m)[22m[32m 8[2mms[22m[39m
 [32m✓[39m server/world-engine/calendars/simple.test.ts [2m([22m[2m12 tests[22m[2m)[22m[32m 8[2mms[22m[39m
 [32m✓[39m server/workspace-history/user-file-recorder.test.ts [2m([22m[2m2 tests[22m[2m)[22m[32m 8[2mms[22m[39m
 [32m✓[39m server/runtime/paths/runtime-paths.test.ts [2m([22m[2m4 tests[22m[2m)[22m[32m 8[2mms[22m[39m
 [32m✓[39m server/api/projects/project-http-error.test.ts [2m([22m[2m12 tests[22m[2m)[22m[32m 10[2mms[22m[39m
 [32m✓[39m server/agent/observability/context-diagnostics.test.ts [2m([22m[2m20 tests[22m[2m)[22m[32m 9[2mms[22m[39m
 [32m✓[39m app/utils/theme/theme-tokens.test.ts [2m([22m[2m5 tests[22m[2m)[22m[32m 10[2mms[22m[39m
 [32m✓[39m server/world-engine/patch-operations.test.ts [2m([22m[2m29 tests[22m[2m)[22m[32m 10[2mms[22m[39m
 [32m✓[39m server/api/app/logs/status.get.test.ts [2m([22m[2m1 test[22m[2m)[22m[32m 9[2mms[22m[39m
 [32m✓[39m server/runtime/shutdown/product-shutdown-controller.test.ts [2m([22m[2m7 tests[22m[2m)[22m[32m 10[2mms[22m[39m
 [32m✓[39m server/middleware/request-logger.test.ts [2m([22m[2m1 test[22m[2m)[22m[32m 8[2mms[22m[39m
 [32m✓[39m server/agent/observability/trace-segments.test.ts [2m([22m[2m14 tests[22m[2m)[22m[32m 9[2mms[22m[39m
 [32m✓[39m server/plot/services/plot-scope.guard.test.ts [2m([22m[2m6 tests[22m[2m)[22m[32m 9[2mms[22m[39m
 [32m✓[39m server/agent/messages/stored-message-codec.test.ts [2m([22m[2m8 tests[22m[2m)[22m[32m 7[2mms[22m[39m
 [32m✓[39m app/utils/theme/derive.test.ts [2m([22m[2m2 tests[22m[2m)[22m[32m 9[2mms[22m[39m
 [32m✓[39m server/agent/tools/agent-sql-project-module.test.ts [2m([22m[2m3 tests[22m[2m)[22m[32m 9[2mms[22m[39m
 [32m✓[39m server/media/image-variant-query.test.ts [2m([22m[2m14 tests[22m[2m)[22m[32m 8[2mms[22m[39m
 [32m✓[39m app/components/novel-ide/agent/useAgentSessionApi.test.ts [2m([22m[2m7 tests[22m[2m)[22m[32m 10[2mms[22m[39m
 [32m✓[39m server/agent/profiles/report-result-schema.test.ts [2m([22m[2m3 tests[22m[2m)[22m[32m 8[2mms[22m[39m
 [32m✓[39m scripts/smoke/agent.test.ts [2m([22m[2m3 tests[22m[2m)[22m[32m 9[2mms[22m[39m
 [32m✓[39m app/components/novel-ide/agent/agent-message-low-code-form.test.ts [2m([22m[2m5 tests[22m[2m)[22m[32m 10[2mms[22m[39m
 [32m✓[39m server/agent/events/public-user-input-form.test.ts [2m([22m[2m3 tests[22m[2m)[22m[32m 8[2mms[22m[39m
 [32m✓[39m server/plot/services/scene-world-anchor-resolution.service.test.ts [2m([22m[2m4 tests[22m[2m)[22m[32m 8[2mms[22m[39m
 [32m✓[39m server/world-engine/calendars/gregorian.test.ts [2m([22m[2m7 tests[22m[2m)[22m[32m 8[2mms[22m[39m
 [32m✓[39m app/utils/novel-ide-settings-responsive.contract.test.ts [2m([22m[2m4 tests[22m[2m)[22m[32m 8[2mms[22m[39m
 [32m✓[39m app/composables/useAgentJob.test.ts [2m([22m[2m5 tests[22m[2m)[22m[32m 9[2mms[22m[39m
 [32m✓[39m server/agent/tools/file-tools.owned-process.test.ts [2m([22m[2m2 tests[22m[2m)[22m[32m 8[2mms[22m[39m
 [32m✓[39m server/plot/services/scene.service.test.ts [2m([22m[2m5 tests[22m[2m)[22m[32m 37[2mms[22m[39m
 [32m✓[39m server/agent/harness/prepare-run.test.ts [2m([22m[2m11 tests[22m[2m)[22m[32m 7[2mms[22m[39m
 [32m✓[39m server/agent/variables/profile-registry.test.ts [2m([22m[2m1 test[22m[2m)[22m[32m 8[2mms[22m[39m
 [32m✓[39m app/components/novel-ide/project-image-experience.contract.test.ts [2m([22m[2m3 tests[22m[2m)[22m[32m 6[2mms[22m[39m
 [32m✓[39m app/components/novel-ide/rag/NovelRagPanel.contract.test.ts [2m([22m[2m4 tests[22m[2m)[22m[32m 9[2mms[22m[39m
 [32m✓[39m server/agent/profiles/profile-artifact-dependency-gate.test.ts [2m([22m[2m4 tests[22m[2m)[22m[32m 8[2mms[22m[39m
 [32m✓[39m server/utils/server-timing.test.ts [2m([22m[2m3 tests[22m[2m)[22m[32m 7[2mms[22m[39m
 [32m✓[39m app/components/novel-ide/agent/workflow-bubble.test.ts [2m([22m[2m11 tests[22m[2m)[22m[32m 8[2mms[22m[39m
 [32m✓[39m app/components/novel-ide/profile/novel-ide-profile.contract.test.ts [2m([22m[2m3 tests[22m[2m)[22m[32m 7[2mms[22m[39m
 [32m✓[39m app/components/novel-ide/agent/context-inspector/context-inspector-view-model.test.ts [2m([22m[2m11 tests[22m[2m)[22m[32m 8[2mms[22m[39m
 [32m✓[39m server/utils/exchange-rate-service.test.ts [2m([22m[2m5 tests[22m[2m)[22m[32m 8[2mms[22m[39m
 [32m✓[39m server/workspace-files/project-file-index.test.ts [2m([22m[2m1 test[22m[2m)[22m[32m 7[2mms[22m[39m
 [32m✓[39m server/plot/services/ref-resolver.service.test.ts [2m([22m[2m3 tests[22m[2m)[22m[32m 7[2mms[22m[39m
 [32m✓[39m server/agent/harness/run-kernel-error.test.ts [2m([22m[2m4 tests[22m[2m)[22m[32m 6[2mms[22m[39m
 [32m✓[39m app/utils/theme/theme-io.test.ts [2m([22m[2m3 tests[22m[2m)[22m[32m 7[2mms[22m[39m
 [32m✓[39m app/components/novel-ide/settings/model-cost-draft.test.ts [2m([22m[2m7 tests[22m[2m)[22m[32m 6[2mms[22m[39m
 [32m✓[39m server/workspace-files/workspace-runtime-root.test.ts [2m([22m[2m2 tests[22m[2m)[22m[32m 9[2mms[22m[39m
 [32m✓[39m server/agent/observability/context-inspection-helpers.test.ts [2m([22m[2m16 tests[22m[2m)[22m[32m 7[2mms[22m[39m
 [32m✓[39m server/api/workspace-files/workspace-mutation-routes.test.ts [2m([22m[2m8 tests[22m[2m)[22m[32m 6[2mms[22m[39m
 [32m✓[39m server/world-engine/calendars/custom.test.ts [2m([22m[2m10 tests[22m[2m)[22m[32m 8[2mms[22m[39m
 [32m✓[39m server/workspace-history/history-diff.test.ts [2m([22m[2m5 tests[22m[2m)[22m[32m 6[2mms[22m[39m
 [32m✓[39m shared/dto/pi-request-options.dto.test.ts [2m([22m[2m8 tests[22m[2m)[22m[32m 7[2mms[22m[39m
 [32m✓[39m server/workspace-files/project-workspace-path-policy.test.ts [2m([22m[2m6 tests[22m[2m)[22m[32m 7[2mms[22m[39m
 [32m✓[39m server/agent/tools/builtin-tools-smoke.test.ts [2m([22m[2m2 tests[22m[2m)[22m[32m 7[2mms[22m[39m
 [32m✓[39m server/content/content-middleware.test.ts [2m([22m[2m3 tests[22m[2m)[22m[32m 6[2mms[22m[39m
 [32m✓[39m server/routes/__nbook/control/shutdown.post.test.ts [2m([22m[2m6 tests[22m[2m)[22m[32m 7[2mms[22m[39m
 [32m✓[39m server/agent/workflow/workflow-agent-port.test.ts [2m([22m[2m2 tests[22m[2m)[22m[32m 6[2mms[22m[39m
 [32m✓[39m server/agent/events/public-queue-projection.test.ts [2m([22m[2m2 tests[22m[2m)[22m[32m 5[2mms[22m[39m
 [32m✓[39m server/passport/passport-official-origin.contract.test.ts [2m([22m[2m2 tests[22m[2m)[22m[32m 6[2mms[22m[39m
 [32m✓[39m server/middleware/product-shutdown-drain.test.ts [2m([22m[2m2 tests[22m[2m)[22m[32m 5[2mms[22m[39m
 [32m✓[39m server/agent/harness/pi-model-metadata.test.ts [2m([22m[2m8 tests[22m[2m)[22m[32m 6[2mms[22m[39m
 [32m✓[39m app/composables/useCostDisplay.test.ts [2m([22m[2m4 tests[22m[2m)[22m[32m 6[2mms[22m[39m
 [32m✓[39m app/components/novel-ide/profile/backup-recovery-code.contract.test.ts [2m([22m[2m3 tests[22m[2m)[22m[32m 6[2mms[22m[39m
 [32m✓[39m server/agent/profiles/define-agent-runtime.test.ts [2m([22m[2m9 tests[22m[2m)[22m[32m 6[2mms[22m[39m
 [32m✓[39m app/components/novel-ide/settings/useProviderTemplateSession.test.ts [2m([22m[2m1 test[22m[2m)[22m[32m 6[2mms[22m[39m
 [32m✓[39m server/workspace-history/agent-change-diff.test.ts [2m([22m[2m4 tests[22m[2m)[22m[32m 6[2mms[22m[39m
 [32m✓[39m server/agent/profiles/schema-validation.test.ts [2m([22m[2m2 tests[22m[2m)[22m[32m 6[2mms[22m[39m
 [32m✓[39m server/models/provider-credential.test.ts [2m([22m[2m3 tests[22m[2m)[22m[32m 7[2mms[22m[39m
 [32m✓[39m app/components/novel-ide/agent/trace-viewer/trace-view-model.test.ts [2m([22m[2m7 tests[22m[2m)[22m[32m 6[2mms[22m[39m
 [32m✓[39m server/world-engine/zod-loader.test.ts [2m([22m[2m8 tests[22m[2m)[22m[32m 9[2mms[22m[39m
 [32m✓[39m server/agent/harness/run-frame-state.test.ts [2m([22m[2m5 tests[22m[2m)[22m[32m 7[2mms[22m[39m
 [32m✓[39m server/agent/harness/prepare-next-turn.test.ts [2m([22m[2m4 tests[22m[2m)[22m[32m 6[2mms[22m[39m
 [32m✓[39m server/agent/harness/turn-failure.test.ts [2m([22m[2m1 test[22m[2m)[22m[32m 5[2mms[22m[39m
 [32m✓[39m app/components/novel-ide/agent/agent-command-result.test.ts [2m([22m[2m4 tests[22m[2m)[22m[32m 6[2mms[22m[39m
 [32m✓[39m server/workspace-files/system-assets-preflight-options.test.ts [2m([22m[2m2 tests[22m[2m)[22m[32m 7[2mms[22m[39m
 [32m✓[39m app/components/novel-ide/agent/task-list.test.ts [2m([22m[2m2 tests[22m[2m)[22m[32m 7[2mms[22m[39m
 [32m✓[39m server/config/query.test.ts [2m([22m[2m2 tests[22m[2m)[22m[32m 6[2mms[22m[39m
 [32m✓[39m server/workspace-files/workspace-file-index-key.test.ts [2m([22m[2m1 test[22m[2m)[22m[32m 6[2mms[22m[39m
 [32m✓[39m server/openapi/generate-openapi-meta.test.ts [2m([22m[2m3 tests[22m[2m)[22m[32m 6[2mms[22m[39m
 [32m✓[39m server/agent/attachments/session-attachment-authority.test.ts [2m([22m[2m2 tests[22m[2m)[22m[32m 6[2mms[22m[39m
 [32m✓[39m server/auth/create-admin-command.test.ts [2m([22m[2m3 tests[22m[2m)[22m[32m 5[2mms[22m[39m
 [32m✓[39m server/agent/messages/stored-user-markdown.test.ts [2m([22m[2m2 tests[22m[2m)[22m[32m 6[2mms[22m[39m
 [32m✓[39m server/agent/messages/stored-types.test.ts [2m([22m[2m3 tests[22m[2m)[22m[32m 6[2mms[22m[39m
 [32m✓[39m server/api/admin/admin-auth-contract.test.ts [2m([22m[2m1 test[22m[2m)[22m[32m 4[2mms[22m[39m
 [32m✓[39m server/models/model-config-validation.test.ts [2m([22m[2m4 tests[22m[2m)[22m[32m 6[2mms[22m[39m
 [32m✓[39m app/utils/theme/theme-editor.test.ts [2m([22m[2m3 tests[22m[2m)[22m[32m 6[2mms[22m[39m
 [32m✓[39m app/components/novel-ide/settings/profile-runtime-settings.test.ts [2m([22m[2m4 tests[22m[2m)[22m[32m 7[2mms[22m[39m
 [32m✓[39m server/agent/session/session-model.test.ts [2m([22m[2m3 tests[22m[2m)[22m[32m 5[2mms[22m[39m
 [32m✓[39m server/runtime/installation-paths.test.ts [2m([22m[2m2 tests[22m[2m)[22m[32m 5[2mms[22m[39m
 [32m✓[39m server/agent/harness/model-resolver.test.ts [2m([22m[2m3 tests[22m[2m)[22m[32m 9[2mms[22m[39m
 [32m✓[39m server/agent/profiles/adhoc-profile.test.ts [2m([22m[2m5 tests[22m[2m)[22m[32m 6[2mms[22m[39m
 [32m✓[39m app/components/novel-ide/settings/model-draft-factory.test.ts [2m([22m[2m4 tests[22m[2m)[22m[32m 5[2mms[22m[39m
 [32m✓[39m server/agent/variables/variable-sdk-contract.test.ts [2m([22m[2m1 test[22m[2m)[22m[32m 5[2mms[22m[39m
 [32m✓[39m shared/editor-workbench.test.ts [2m([22m[2m6 tests[22m[2m)[22m[32m 4[2mms[22m[39m
 [32m✓[39m server/agent/profiles/docs-tsx-examples.test.ts [2m([22m[2m3 tests[22m[2m)[22m[32m 5[2mms[22m[39m
 [32m✓[39m server/database/locks.test.ts [2m([22m[2m1 test[22m[2m)[22m[32m 7[2mms[22m[39m
 [32m✓[39m app/components/novel-ide/agent/useStructuredReferenceMenu.test.ts [2m([22m[2m1 test[22m[2m)[22m[32m 5[2mms[22m[39m
 [32m✓[39m server/plot/assemblers/plot-dto.assembler.test.ts [2m([22m[2m2 tests[22m[2m)[22m[32m 5[2mms[22m[39m
 [32m✓[39m server/agent/test-utils/faux-models.test.ts [2m([22m[2m1 test[22m[2m)[22m[32m 5[2mms[22m[39m
 [32m✓[39m server/agent/profiles/prompt-order.test.ts [2m([22m[2m3 tests[22m[2m)[22m[32m 5[2mms[22m[39m
 [32m✓[39m server/world-engine/embedding-vector.test.ts [2m([22m[2m6 tests[22m[2m)[22m[32m 5[2mms[22m[39m
 [32m✓[39m app/components/novel-ide/agent/client-variables.test.ts [2m([22m[2m3 tests[22m[2m)[22m[32m 5[2mms[22m[39m
 [32m✓[39m server/agent/harness/turn-transaction.test.ts [2m([22m[2m3 tests[22m[2m)[22m[32m 6[2mms[22m[39m
 [32m✓[39m server/plot/http/plot-input.parser.test.ts [2m([22m[2m3 tests[22m[2m)[22m[32m 5[2mms[22m[39m
 [32m✓[39m shared/dto/plot.dto.test.ts [2m([22m[2m2 tests[22m[2m)[22m[32m 5[2mms[22m[39m
 [32m✓[39m server/agent/profiles/leader-owned-plot-reference.test.ts [2m([22m[2m3 tests[22m[2m)[22m[32m 5[2mms[22m[39m
 [32m✓[39m app/components/novel-ide/agent/session-list-request-guard.test.ts [2m([22m[2m6 tests[22m[2m)[22m[32m 5[2mms[22m[39m
 [32m✓[39m server/agent/messages/message-utils.test.ts [2m([22m[2m2 tests[22m[2m)[22m[32m 5[2mms[22m[39m
 [32m✓[39m server/agent/profiles/profile-summarizer.test.ts [2m([22m[2m3 tests[22m[2m)[22m[32m 5[2mms[22m[39m
 [32m✓[39m server/backup/backup-archive-rules.test.ts [2m([22m[2m5 tests[22m[2m)[22m[32m 5[2mms[22m[39m
 [32m✓[39m server/plot/services/thread.service.test.ts [2m([22m[2m1 test[22m[2m)[22m[32m 4[2mms[22m[39m
 [32m✓[39m server/content/ai-annotation.test.ts [2m([22m[2m2 tests[22m[2m)[22m[32m 7[2mms[22m[39m
 [32m✓[39m server/workspace-files/project-module.test.ts [2m([22m[2m3 tests[22m[2m)[22m[32m 5[2mms[22m[39m
 [32m✓[39m app/utils/theme/resolve-theme.test.ts [2m([22m[2m2 tests[22m[2m)[22m[32m 5[2mms[22m[39m
 [32m✓[39m server/plot/services/story.service.test.ts [2m([22m[2m1 test[22m[2m)[22m[32m 5[2mms[22m[39m
 [32m✓[39m shared/media/raster-image.test.ts [2m([22m[2m3 tests[22m[2m)[22m[32m 4[2mms[22m[39m
 [32m✓[39m app/components/novel-ide/agent/context-inspector/diagnostic-messages.test.ts [2m([22m[2m7 tests[22m[2m)[22m[32m 5[2mms[22m[39m
 [32m✓[39m server/agent/observability/provider-error-sanitizer.test.ts [2m([22m[2m3 tests[22m[2m)[22m[32m 5[2mms[22m[39m
 [32m✓[39m server/plugins/project-session-close.test.ts [2m([22m[2m2 tests[22m[2m)[22m[32m 4[2mms[22m[39m
 [32m✓[39m server/agent/tools/apply-patch.test.ts [2m([22m[2m6 tests[22m[2m)[22m[32m 5[2mms[22m[39m
 [32m✓[39m app/components/novel-ide/agent/agent-invocation-reconciliation.test.ts [2m([22m[2m3 tests[22m[2m)[22m[32m 5[2mms[22m[39m
 [32m✓[39m server/workspace-history/history-inbox.test.ts [2m([22m[2m2 tests[22m[2m)[22m[32m 4[2mms[22m[39m
 [32m✓[39m server/utils/frontmatter-body.test.ts [2m([22m[2m5 tests[22m[2m)[22m[32m 4[2mms[22m[39m
 [32m✓[39m server/agent/tools/agent-tool-definition.test.ts [2m([22m[2m2 tests[22m[2m)[22m[32m 5[2mms[22m[39m
 [32m✓[39m server/plot/services/order.service.test.ts [2m([22m[2m3 tests[22m[2m)[22m[32m 6[2mms[22m[39m
 [32m✓[39m server/agent/harness/turn-continuation.test.ts [2m([22m[2m4 tests[22m[2m)[22m[32m 5[2mms[22m[39m
 [32m✓[39m server/runtime/shutdown/product-shutdown.test.ts [2m([22m[2m1 test[22m[2m)[22m[32m 5[2mms[22m[39m
 [32m✓[39m server/agent/messages/stored-message-presentation.test.ts [2m([22m[2m3 tests[22m[2m)[22m[32m 5[2mms[22m[39m
 [32m✓[39m server/agent/session/session-identity.test.ts [2m([22m[2m2 tests[22m[2m)[22m[32m 4[2mms[22m[39m
 [32m✓[39m shared/models/provider-connection-identity.test.ts [2m([22m[2m2 tests[22m[2m)[22m[32m 4[2mms[22m[39m
 [32m✓[39m server/agent/session/relation-projection.test.ts [2m([22m[2m3 tests[22m[2m)[22m[32m 5[2mms[22m[39m
 [32m✓[39m shared/agent/session-interaction-policy.test.ts [2m([22m[2m2 tests[22m[2m)[22m[32m 5[2mms[22m[39m
 [32m✓[39m shared/project-cover.test.ts [2m([22m[2m2 tests[22m[2m)[22m[32m 5[2mms[22m[39m
 [32m✓[39m app/components/novel-ide/agent/agent-chat-history-ui.test.ts [2m([22m[2m5 tests[22m[2m)[22m[32m 4[2mms[22m[39m
 [32m✓[39m server/utils/env-template.test.ts [2m([22m[2m4 tests[22m[2m)[22m[32m 4[2mms[22m[39m
 [32m✓[39m server/workspace-files/novel-workspace.test.ts [2m([22m[2m1 test[22m[2m)[22m[32m 7[2mms[22m[39m
 [32m✓[39m server/utils/login-security.test.ts [2m([22m[2m2 tests[22m[2m)[22m[32m 4[2mms[22m[39m
 [32m✓[39m server/config/settings-security-contract.test.ts [2m([22m[2m1 test[22m[2m)[22m[32m 5[2mms[22m[39m
 [32m✓[39m server/agent/session/relation-ledger.test.ts [2m([22m[2m3 tests[22m[2m)[22m[32m 4[2mms[22m[39m
 [32m✓[39m shared/models/model-group.test.ts [2m([22m[2m2 tests[22m[2m)[22m[32m 3[2mms[22m[39m
 [32m✓[39m app/components/profile-template-editor/file-change-notice-node.test.ts [2m([22m[2m1 test[22m[2m)[22m[32m 4[2mms[22m[39m
 [32m✓[39m server/agent/profiles/profile-source-imports.test.ts [2m([22m[2m2 tests[22m[2m)[22m[32m 4[2mms[22m[39m
 [32m✓[39m app/components/novel-ide/agent/tiptap/agent-suggestion.test.ts [2m([22m[2m1 test[22m[2m)[22m[32m 5[2mms[22m[39m
 [32m✓[39m app/components/markdown-studio/load-monaco-editor.test.ts [2m([22m[2m1 test[22m[2m)[22m[32m 3[2mms[22m[39m
 [32m✓[39m app/components/profile-template-editor/profile-template-selection-utils.test.ts [2m([22m[2m3 tests[22m[2m)[22m[32m 4[2mms[22m[39m
 [32m✓[39m server/agent/harness/pi-model-contract.test.ts [2m([22m[2m2 tests[22m[2m)[22m[32m 4[2mms[22m[39m
 [32m✓[39m app/components/novel-ide/agent/agent-composer-reference.test.ts [2m([22m[2m2 tests[22m[2m)[22m[32m 4[2mms[22m[39m
 [32m✓[39m app/components/novel-ide/agent/agent-attachment.test.ts [2m([22m[2m3 tests[22m[2m)[22m[32m 4[2mms[22m[39m
 [32m✓[39m server/agent/harness/types.test.ts [2m([22m[2m3 tests[22m[2m)[22m[32m 3[2mms[22m[39m
 [32m✓[39m server/utils/rfc5987.test.ts [2m([22m[2m1 test[22m[2m)[22m[32m 3[2mms[22m[39m
 [32m✓[39m app/composables/useWorkbenchChrome.test.ts [2m([22m[2m1 test[22m[2m)[22m[32m 5[2mms[22m[39m
 [2m[90m↓[39m[22m server/workspace-files/project-root-reparse-windows.test.ts [2m([22m[2m1 test[22m[2m | [22m[33m1 skipped[39m[2m)[22m

[31m⎯⎯⎯⎯⎯⎯[39m[1m[41m Failed Tests 17 [49m[22m[31m⎯⎯⎯⎯⎯⎯⎯[39m

[41m[1m FAIL [22m[49m server/agent/profiles/profile-compile-worker-lifecycle.test.ts[2m > [22mprofile compile worker Project lifecycle[2m > [22mworker service 将 Project lifecycle error 重新抛为 ProjectNotOpenError
[31m[1mAssertionError[22m: expected Error: Expected ProjectNotOpenError to be an instance of ProjectNotOpenError[39m
[36m [2m❯[22m server/agent/profiles/profile-compile-worker-lifecycle.test.ts:[2m86:31[22m[39m
    [90m 84|[39m                 [35mthrow[39m [35mnew[39m [33mError[39m([32m"Expected ProjectNotOpenError"[39m)[33m;[39m
    [90m 85|[39m             } [35mcatch[39m (error) {
    [90m 86|[39m                 [34mexpect[39m(error)[33m.[39m[34mtoBeInstanceOf[39m([33mProjectNotOpenError[39m)[33m;[39m
    [90m   |[39m                               [31m^[39m
    [90m 87|[39m                 [34mexpect[39m(error)[33m.[39m[34mtoMatchObject[39m({projectRoot})[33m;[39m
    [90m 88|[39m             } [35mfinally[39m {
[90m [2m❯[22m server/agent/profiles/profile-compile-worker-lifecycle.test.ts:[2m106:13[22m[39m
[90m [2m❯[22m withIsolatedWorkspaceAssets server/workspace-files/test-workspace-fixture.ts:[2m101:16[22m[39m
[90m [2m❯[22m withLifecycleProfile server/agent/profiles/profile-compile-worker-lifecycle.test.ts:[2m97:5[22m[39m
[90m [2m❯[22m server/agent/profiles/profile-compile-worker-lifecycle.test.ts:[2m68:9[22m[39m

[31m[2m⎯⎯⎯⎯⎯⎯⎯⎯⎯⎯⎯⎯⎯⎯⎯⎯⎯⎯⎯⎯⎯⎯⎯[1/17]⎯[22m[39m

[41m[1m FAIL [22m[49m server/agent/profiles/profile-compile-worker-preview.test.ts[2m > [22mprofile compile worker preview 与 lifecycle[2m > [22mdry-run preview 不写入真实用户源码或 compiled artifact
[31m[1mAssertionError[22m: expected false to be true // Object.is equality[39m

[32m- Expected[39m
[31m+ Received[39m

[32m- true[39m
[31m+ false[39m

[36m [2m❯[22m server/agent/profiles/profile-compile-worker-preview.test.ts:[2m75:31[22m[39m
    [90m 73|[39m             })[33m;[39m
    [90m 74|[39m
    [90m 75|[39m             [34mexpect[39m(result[33m.[39mok)[33m.[39m[34mtoBe[39m([35mtrue[39m)[33m;[39m
    [90m   |[39m                               [31m^[39m
    [90m 76|[39m             [34mexpect[39m(result[33m.[39mpreview[33m?.[39mok)[33m.[39m[34mtoBe[39m([35mtrue[39m)[33m;[39m
    [90m 77|[39m             await expect(readFile(sourcePath, "utf8")).resolves.toBe(s…
[90m [2m❯[22m server/agent/profiles/profile-compile-worker-preview.test.ts:[2m95:9[22m[39m
[90m [2m❯[22m withIsolatedWorkspaceAssets server/workspace-files/test-workspace-fixture.ts:[2m101:16[22m[39m
[90m [2m❯[22m withProfileAssets server/agent/profiles/profile-compile-worker-preview.test.ts:[2m89:5[22m[39m
[90m [2m❯[22m server/agent/profiles/profile-compile-worker-preview.test.ts:[2m57:9[22m[39m

[31m[2m⎯⎯⎯⎯⎯⎯⎯⎯⎯⎯⎯⎯⎯⎯⎯⎯⎯⎯⎯⎯⎯⎯⎯[2/17]⎯[22m[39m

[41m[1m FAIL [22m[49m server/agent/profiles/profile-compile-worker.test.ts[2m > [22mprofile compile worker runtime[2m > [22m通过 worker service 后台编译 .profile.tsx 源码
[31m[1mAssertionError[22m: expected false to be true // Object.is equality[39m

[32m- Expected[39m
[31m+ Received[39m

[32m- true[39m
[31m+ false[39m

[36m [2m❯[22m server/agent/profiles/profile-compile-worker.test.ts:[2m97:35[22m[39m
    [90m 95|[39m
    [90m 96|[39m                 const manifest = await readManifest(assets.userProfile…
    [90m 97|[39m                 [34mexpect[39m(result[33m.[39mok)[33m.[39m[34mtoBe[39m([35mtrue[39m)[33m;[39m
    [90m   |[39m                                   [31m^[39m
    [90m 98|[39m                 expect(manifest.profiles.some((profile) => profile.pro…
    [90m 99|[39m                 [34mexpect[39m([32m"stagedRelease"[39m [35min[39m result)[33m.[39m[34mtoBe[39m([35mfalse[39m)[33m;[39m
[90m [2m❯[22m server/agent/profiles/profile-compile-worker.test.ts:[2m617:9[22m[39m
[90m [2m❯[22m withIsolatedWorkspaceAssets server/workspace-files/test-workspace-fixture.ts:[2m101:16[22m[39m
[90m [2m❯[22m withCompiledRootSnapshot server/agent/profiles/profile-compile-worker.test.ts:[2m611:5[22m[39m
[90m [2m❯[22m server/agent/profiles/profile-compile-worker.test.ts:[2m83:9[22m[39m

[31m[2m⎯⎯⎯⎯⎯⎯⎯⎯⎯⎯⎯⎯⎯⎯⎯⎯⎯⎯⎯⎯⎯⎯⎯[3/17]⎯[22m[39m

[41m[1m FAIL [22m[49m server/agent/profiles/profile-compile-worker.test.ts[2m > [22mprofile compile worker runtime[2m > [22mworker service 并发单文件编译不会互相覆盖 manifest entry
[31m[1mAssertionError[22m: expected false to be true // Object.is equality[39m

[32m- Expected[39m
[31m+ Received[39m

[32m- true[39m
[31m+ false[39m

[36m [2m❯[22m server/agent/profiles/profile-compile-worker.test.ts:[2m148:34[22m[39m
    [90m146|[39m                 [35mconst[39m manifest [33m=[39m [35mawait[39m [34mreadManifest[39m(profileRoot)[33m;[39m
    [90m147|[39m
    [90m148|[39m                 [34mexpect[39m(first[33m.[39mok)[33m.[39m[34mtoBe[39m([35mtrue[39m)[33m;[39m
    [90m   |[39m                                  [31m^[39m
    [90m149|[39m                 [34mexpect[39m(second[33m.[39mok)[33m.[39m[34mtoBe[39m([35mtrue[39m)[33m;[39m
    [90m150|[39m                 expect(manifest.entries.map((entry) => entry.profileKe…
[90m [2m❯[22m server/agent/profiles/profile-compile-worker.test.ts:[2m617:9[22m[39m
[90m [2m❯[22m withIsolatedWorkspaceAssets server/workspace-files/test-workspace-fixture.ts:[2m101:16[22m[39m
[90m [2m❯[22m withCompiledRootSnapshot server/agent/profiles/profile-compile-worker.test.ts:[2m611:5[22m[39m
[90m [2m❯[22m server/agent/profiles/profile-compile-worker.test.ts:[2m131:9[22m[39m

[31m[2m⎯⎯⎯⎯⎯⎯⎯⎯⎯⎯⎯⎯⎯⎯⎯⎯⎯⎯⎯⎯⎯⎯⎯[4/17]⎯[22m[39m

[41m[1m FAIL [22m[49m server/agent/profiles/profile-compile-worker.test.ts[2m > [22mprofile compile worker runtime[2m > [22mwatcher与手动请求并发编译同一文件时不会微任务自旋
[31m[1mAssertionError[22m: expected false to be true // Object.is equality[39m

[32m- Expected[39m
[31m+ Received[39m

[32m- true[39m
[31m+ false[39m

[36m [2m❯[22m server/agent/profiles/profile-compile-worker.test.ts:[2m177:35[22m[39m
    [90m175|[39m                 [35mconst[39m manifest [33m=[39m [35mawait[39m [34mreadManifest[39m(profileRoot)[33m;[39m
    [90m176|[39m
    [90m177|[39m                 [34mexpect[39m(manual[33m.[39mok)[33m.[39m[34mtoBe[39m([35mtrue[39m)[33m;[39m
    [90m   |[39m                                   [31m^[39m
    [90m178|[39m                 [34mexpect[39m(watcher[33m.[39mok)[33m.[39m[34mtoBe[39m([35mtrue[39m)[33m;[39m
    [90m179|[39m                 expect(manifest.entries.filter((entry) => entry.fileNa…
[90m [2m❯[22m server/agent/profiles/profile-compile-worker.test.ts:[2m617:9[22m[39m
[90m [2m❯[22m withIsolatedWorkspaceAssets server/workspace-files/test-workspace-fixture.ts:[2m101:16[22m[39m
[90m [2m❯[22m withCompiledRootSnapshot server/agent/profiles/profile-compile-worker.test.ts:[2m611:5[22m[39m
[90m [2m❯[22m server/agent/profiles/profile-compile-worker.test.ts:[2m163:9[22m[39m

[31m[2m⎯⎯⎯⎯⎯⎯⎯⎯⎯⎯⎯⎯⎯⎯⎯⎯⎯⎯⎯⎯⎯⎯⎯[5/17]⎯[22m[39m

[41m[1m FAIL [22m[49m server/agent/profiles/profile-compile-worker.test.ts[2m > [22mprofile compile worker runtime[2m > [22mworker service 并发 in-process 单文件编译后 Registry 保留完整 manifest
[31m[1mAssertionError[22m: expected false to be true // Object.is equality[39m

[32m- Expected[39m
[31m+ Received[39m

[32m- true[39m
[31m+ false[39m

[36m [2m❯[22m server/agent/profiles/profile-compile-worker.test.ts:[2m223:34[22m[39m
    [90m221|[39m                 [35mconst[39m snapshot [33m=[39m [35mawait[39m catalog[33m.[39m[34msnapshot[39m()[33m;[39m
    [90m222|[39m
    [90m223|[39m                 [34mexpect[39m(first[33m.[39mok)[33m.[39m[34mtoBe[39m([35mtrue[39m)[33m;[39m
    [90m   |[39m                                  [31m^[39m
    [90m224|[39m                 [34mexpect[39m(second[33m.[39mok)[33m.[39m[34mtoBe[39m([35mtrue[39m)[33m;[39m
    [90m225|[39m                 expect(snapshot.profiles.map((profile) => profile.key)…
[90m [2m❯[22m server/agent/profiles/profile-compile-worker.test.ts:[2m617:9[22m[39m
[90m [2m❯[22m withIsolatedWorkspaceAssets server/workspace-files/test-workspace-fixture.ts:[2m101:16[22m[39m
[90m [2m❯[22m withCompiledRootSnapshot server/agent/profiles/profile-compile-worker.test.ts:[2m611:5[22m[39m
[90m [2m❯[22m server/agent/profiles/profile-compile-worker.test.ts:[2m188:9[22m[39m

[31m[2m⎯⎯⎯⎯⎯⎯⎯⎯⎯⎯⎯⎯⎯⎯⎯⎯⎯⎯⎯⎯⎯⎯⎯[6/17]⎯[22m[39m

[41m[1m FAIL [22m[49m server/agent/profiles/profile-compile-worker.test.ts[2m > [22mprofile compile worker runtime[2m > [22mstaging cleanup 失败不会阻断结果或后续 worker 任务
[31m[1mAssertionError[22m: expected false to be true // Object.is equality[39m

[32m- Expected[39m
[31m+ Received[39m

[32m- true[39m
[31m+ false[39m

[36m [2m❯[22m server/agent/profiles/profile-compile-worker.test.ts:[2m257:34[22m[39m
    [90m255|[39m                 const second = await worker.compile({fileName: secondF…
    [90m256|[39m
    [90m257|[39m                 [34mexpect[39m(first[33m.[39mok)[33m.[39m[34mtoBe[39m([35mtrue[39m)[33m;[39m
    [90m   |[39m                                  [31m^[39m
    [90m258|[39m                 [34mexpect[39m(second[33m.[39mok)[33m.[39m[34mtoBe[39m([35mtrue[39m)[33m;[39m
    [90m259|[39m                 [34mexpect[39m(cleanupDirs[33m.[39mlength)[33m.[39m[34mtoBeGreaterThanOrEqual[39m([34m2[39m)[33m;[39m
[90m [2m❯[22m server/agent/profiles/profile-compile-worker.test.ts:[2m617:9[22m[39m
[90m [2m❯[22m withIsolatedWorkspaceAssets server/workspace-files/test-workspace-fixture.ts:[2m101:16[22m[39m
[90m [2m❯[22m withCompiledRootSnapshot server/agent/profiles/profile-compile-worker.test.ts:[2m611:5[22m[39m
[90m [2m❯[22m server/agent/profiles/profile-compile-worker.test.ts:[2m239:9[22m[39m

[31m[2m⎯⎯⎯⎯⎯⎯⎯⎯⎯⎯⎯⎯⎯⎯⎯⎯⎯⎯⎯⎯⎯⎯⎯[7/17]⎯[22m[39m

[41m[1m FAIL [22m[49m server/agent/profiles/profile-compile-worker.test.ts[2m > [22mprofile compile worker runtime[2m > [22mworker service compileAll 发布前发现 profile 源文件集合变化时返回 stale
[31m[1mAssertionError[22m: expected false to be true // Object.is equality[39m

[32m- Expected[39m
[31m+ Received[39m

[32m- true[39m
[31m+ false[39m

[36m [2m❯[22m server/agent/profiles/profile-compile-worker.test.ts:[2m327:38[22m[39m
    [90m325|[39m                 [35mconst[39m result [33m=[39m [35mawait[39m running[33m;[39m
    [90m326|[39m
    [90m327|[39m                 [34mexpect[39m(result[33m.[39mstale)[33m.[39m[34mtoBe[39m([35mtrue[39m)[33m;[39m
    [90m   |[39m                                      [31m^[39m
    [90m328|[39m                 [34mexpect[39m(result[33m.[39mok)[33m.[39m[34mtoBe[39m([35mfalse[39m)[33m;[39m
    [90m329|[39m             } [35mfinally[39m {
[90m [2m❯[22m server/agent/profiles/profile-compile-worker.test.ts:[2m617:9[22m[39m
[90m [2m❯[22m withIsolatedWorkspaceAssets server/workspace-files/test-workspace-fixture.ts:[2m101:16[22m[39m
[90m [2m❯[22m withCompiledRootSnapshot server/agent/profiles/profile-compile-worker.test.ts:[2m611:5[22m[39m
[90m [2m❯[22m server/agent/profiles/profile-compile-worker.test.ts:[2m314:9[22m[39m

[31m[2m⎯⎯⎯⎯⎯⎯⎯⎯⎯⎯⎯⎯⎯⎯⎯⎯⎯⎯⎯⎯⎯⎯⎯[8/17]⎯[22m[39m

[41m[1m FAIL [22m[49m server/agent/profiles/profile-compile-worker.test.ts[2m > [22mprofile compile worker runtime[2m > [22mworker service compileAll 发布前发现同名 profile 源码内容变化时返回 stale
[31m[1mError[22m: 等待文件出现超时: C:\Users\ADMINI~1\AppData\Local\Temp\neuro-book\fixtures\nbook-workspace-assets-X9b1xm\worker-source-content-ready.txt[39m
[36m [2m❯[22m waitForPath server/agent/profiles/profile-compile-worker.test.ts:[2m592:11[22m[39m
    [90m590|[39m         [35mawait[39m [34msleep[39m([34m50[39m)[33m;[39m
    [90m591|[39m     }
    [90m592|[39m     [35mthrow[39m [35mnew[39m [33mError[39m([32m`等待文件出现超时: [39m[36m${[39mfilePath[36m}[39m[32m`[39m)[33m;[39m
    [90m   |[39m           [31m^[39m
    [90m593|[39m }
    [90m594|[39m
[90m [2m❯[22m server/agent/profiles/profile-compile-worker.test.ts:[2m348:17[22m[39m
[90m [2m❯[22m server/agent/profiles/profile-compile-worker.test.ts:[2m617:9[22m[39m
[90m [2m❯[22m withIsolatedWorkspaceAssets server/workspace-files/test-workspace-fixture.ts:[2m101:16[22m[39m
[90m [2m❯[22m withCompiledRootSnapshot server/agent/profiles/profile-compile-worker.test.ts:[2m611:5[22m[39m
[90m [2m❯[22m server/agent/profiles/profile-compile-worker.test.ts:[2m338:9[22m[39m

[31m[2m⎯⎯⎯⎯⎯⎯⎯⎯⎯⎯⎯⎯⎯⎯⎯⎯⎯⎯⎯⎯⎯⎯⎯[9/17]⎯[22m[39m

[41m[1m FAIL [22m[49m server/agent/profiles/profile-compile-worker.test.ts[2m > [22mprofile compile worker runtime[2m > [22m通过 worker service 后台全量编译用户 profile root
[31m[1mError[22m: worker compile-all failed: [
  {
    "severity": "error",
    "message": "Cannot find module 'D:\\MyProject\\neuro-book\\packages\\neuro-book\\server\\agent\\profiles\\profile-compile-worker-runtime' imported from D:\\MyProject\\neuro-book\\packages\\neuro-book\\server\\agent\\profiles\\profile-compile-worker-entry.ts",
    "code": "compile_worker_failed",
    "fileName": "builtin/leader.default.profile.tsx",
    "stack": "Error [ERR_MODULE_NOT_FOUND]: Cannot find module 'D:\\MyProject\\neuro-book\\packages\\neuro-book\\server\\agent\\profiles\\profile-compile-worker-runtime' imported from D:\\MyProject\\neuro-book\\packages\\neuro-book\\server\\agent\\profiles\\profile-compile-worker-entry.ts\n    at finalizeResolution (node:internal/modules/esm/resolve:275:11)\n    at moduleResolve (node:internal/modules/esm/resolve:861:10)\n    at defaultResolve (node:internal/modules/esm/resolve:985:11)\n    at #cachedDefaultResolve (node:internal/modules/esm/loader:731:20)\n    at ModuleLoader.resolve (node:internal/modules/esm/loader:708:38)\n    at ModuleLoader.getModuleJobForImport (node:internal/modules/esm/loader:310:38)\n    at ModuleJob._link (node:internal/modules/esm/module_job:182:49)\n    at process.processTicksAndRejections (node:internal/process/task_queues:103:5)"
  }
][39m
[36m [2m❯[22m server/agent/profiles/profile-compile-worker.test.ts:[2m496:27[22m[39m
    [90m494|[39m
    [90m495|[39m                 [35mif[39m ([33m![39mresult[33m.[39mok) {
    [90m496|[39m                     throw new Error(`worker compile-all failed: ${JSON…
    [90m   |[39m                           [31m^[39m
    [90m497|[39m                 }
    [90m498|[39m                 [34mexpect[39m(result[33m.[39mok)[33m.[39m[34mtoBe[39m([35mtrue[39m)[33m;[39m
[90m [2m❯[22m server/agent/profiles/profile-compile-worker.test.ts:[2m617:9[22m[39m
[90m [2m❯[22m withIsolatedWorkspaceAssets server/workspace-files/test-workspace-fixture.ts:[2m101:16[22m[39m
[90m [2m❯[22m withCompiledRootSnapshot server/agent/profiles/profile-compile-worker.test.ts:[2m611:5[22m[39m
[90m [2m❯[22m server/agent/profiles/profile-compile-worker.test.ts:[2m490:9[22m[39m

[31m[2m⎯⎯⎯⎯⎯⎯⎯⎯⎯⎯⎯⎯⎯⎯⎯⎯⎯⎯⎯⎯⎯⎯[10/17]⎯[22m[39m

[41m[1m FAIL [22m[49m server/agent/profiles/profile-compile-worker.test.ts[2m > [22mprofile compile worker runtime[2m > [22mworker service in-process 发布会回调 Registry sink，且不把 staging 泄露给调用方
[31m[1mAssertionError[22m: expected false to be true // Object.is equality[39m

[32m- Expected[39m
[31m+ Received[39m

[32m- true[39m
[31m+ false[39m

[36m [2m❯[22m server/agent/profiles/profile-compile-worker.test.ts:[2m521:35[22m[39m
    [90m519|[39m                 })[33m;[39m
    [90m520|[39m
    [90m521|[39m                 [34mexpect[39m(result[33m.[39mok)[33m.[39m[34mtoBe[39m([35mtrue[39m)[33m;[39m
    [90m   |[39m                                   [31m^[39m
    [90m522|[39m                 [34mexpect[39m([32m"stagedRelease"[39m [35min[39m result)[33m.[39m[34mtoBe[39m([35mfalse[39m)[33m;[39m
    [90m523|[39m                 expect(publishedRoots.some((root) => root.endsWith("wo…
[90m [2m❯[22m server/agent/profiles/profile-compile-worker.test.ts:[2m617:9[22m[39m
[90m [2m❯[22m withIsolatedWorkspaceAssets server/workspace-files/test-workspace-fixture.ts:[2m101:16[22m[39m
[90m [2m❯[22m withCompiledRootSnapshot server/agent/profiles/profile-compile-worker.test.ts:[2m611:5[22m[39m
[90m [2m❯[22m server/agent/profiles/profile-compile-worker.test.ts:[2m508:9[22m[39m

[31m[2m⎯⎯⎯⎯⎯⎯⎯⎯⎯⎯⎯⎯⎯⎯⎯⎯⎯⎯⎯⎯⎯⎯[11/17]⎯[22m[39m

[41m[1m FAIL [22m[49m server/agent/profiles/profile-compile-worker.test.ts[2m > [22mprofile compile worker runtime[2m > [22mworker service 全量编译出的 director artifact 不依赖 Nitro importMeta shim
[31m[1mTypeError[22m: Cannot read properties of undefined (reading 'artifactFileName')[39m
[36m [2m❯[22m server/agent/profiles/profile-compile-worker.test.ts:[2m538:98[22m[39m
    [90m536|[39m                 [35mconst[39m manifest [33m=[39m [35mawait[39m [34mreadManifest[39m(profileRoot)[33m;[39m
    [90m537|[39m                 const director = manifest.profiles.find((profile) => p…
    [90m538|[39m                 const artifactPath = resolve(profileRoot, PROFILE_COMP…
    [90m   |[39m                                                                                                  [31m^[39m
    [90m539|[39m                 [35mconst[39m artifact [33m=[39m [35mawait[39m [34mreadFile[39m(artifactPath[33m,[39m [32m"utf8"[39m)[33m;[39m
    [90m540|[39m                 [35mconst[39m head [33m=[39m artifact[33m.[39m[34mslice[39m([34m0[39m[33m,[39m [34m2048[39m)[33m;[39m
[90m [2m❯[22m server/agent/profiles/profile-compile-worker.test.ts:[2m617:9[22m[39m
[90m [2m❯[22m withIsolatedWorkspaceAssets server/workspace-files/test-workspace-fixture.ts:[2m101:16[22m[39m
[90m [2m❯[22m withCompiledRootSnapshot server/agent/profiles/profile-compile-worker.test.ts:[2m611:5[22m[39m
[90m [2m❯[22m server/agent/profiles/profile-compile-worker.test.ts:[2m531:9[22m[39m

[31m[2m⎯⎯⎯⎯⎯⎯⎯⎯⎯⎯⎯⎯⎯⎯⎯⎯⎯⎯⎯⎯⎯⎯[12/17]⎯[22m[39m

[41m[1m FAIL [22m[49m server/agent/profiles/rp-profiles.test.ts[2m > [22mRP builtin profiles[2m > [22mrp.leader 作为 RP 用户交流层，读取 manual 并调用 simulator.leader
[41m[1m FAIL [22m[49m server/agent/profiles/rp-profiles.test.ts[2m > [22mRP builtin profiles[2m > [22msimulator.leader 作为 simulation runtime owner 并负责调度 actor
[41m[1m FAIL [22m[49m server/agent/profiles/simulation-director-profiles.test.ts[2m > [22msimulation and director builtin profiles[2m > [22msimulator.leader 暴露世界模拟合同和受限工具
[41m[1m FAIL [22m[49m server/agent/profiles/simulation-director-profiles.test.ts[2m > [22msimulation and director builtin profiles[2m > [22mdirector 暴露 Plot System 合同和 Scene World Context
[41m[1m FAIL [22m[49m server/agent/profiles/world-engine-profile.test.ts[2m > [22mworld.engine profile[2m > [22m只暴露 World Engine 维护所需工具，并注入第一版边界
[31m[1mError[22m: Import.path 缺少显式 NEURO_BOOK_REPOSITORY_ROOT。Product Runtime 不允许从 checkout 或 import.meta.dirname 推断仓库根。[39m
[36m [2m❯[22m resolveRepositoryRootForImport server/agent/profiles/profile-dsl.ts:[2m1792:15[22m[39m
    [90m1790|[39m     const configuredRepositoryRoot = process.env.NEURO_BOOK_REPOSITORY…
    [90m1791|[39m     [35mif[39m ([33m![39mconfiguredRepositoryRoot) {
    [90m1792|[39m         throw new Error("Import.path 缺少显式 NEURO_BOOK_REPOSITORY_ROOT。P…
    [90m   |[39m               [31m^[39m
    [90m1793|[39m     }
    [90m1794|[39m     [35mreturn[39m [34mresolve[39m(configuredRepositoryRoot)[33m;[39m
[90m [2m❯[22m resolveApplicationImportPath server/agent/profiles/profile-dsl.ts:[2m1774:15[22m[39m
[90m [2m❯[22m readImportFile server/agent/profiles/profile-dsl.ts:[2m1207:11[22m[39m
[90m [2m❯[22m renderImportedContext server/agent/profiles/profile-dsl.ts:[2m1154:30[22m[39m
[90m [2m❯[22m Object.text server/agent/profiles/profile-dsl.ts:[2m456:24[22m[39m
[90m [2m❯[22m visit server/agent/profiles/profile-dsl.ts:[2m1330:73[22m[39m
[90m [2m❯[22m renderStringChildren server/agent/profiles/profile-dsl.ts:[2m1347:15[22m[39m
[90m [2m❯[22m renderMessageNodeContent server/agent/profiles/profile-dsl.ts:[2m884:46[22m[39m
[90m [2m❯[22m renderMessageNode server/agent/profiles/profile-dsl.ts:[2m868:31[22m[39m
[90m [2m❯[22m renderChild server/agent/profiles/profile-dsl.ts:[2m823:42[22m[39m

[31m[2m⎯⎯⎯⎯⎯⎯⎯⎯⎯⎯⎯⎯⎯⎯⎯⎯⎯⎯⎯⎯⎯⎯[13/17]⎯[22m[39m

[31m⎯⎯⎯⎯⎯⎯[39m[1m[41m Unhandled Errors [49m[22m[31m⎯⎯⎯⎯⎯⎯[39m
[31m[1m
Vitest caught 1 unhandled error during the test run.
This might cause false positive tests. Resolve unhandled errors to make sure your tests are not affected.[22m[39m

[31m⎯⎯⎯⎯⎯⎯[39m[1m[41m Unhandled Error [49m[22m[31m⎯⎯⎯⎯⎯⎯⎯[39m
[31m[1mError[22m: [vitest-pool]: Worker forks emitted error.[39m
[90m [2m❯[22m EventEmitter.onTaskError ../../node_modules/vitest/dist/chunks/cli-api.BK8pd4xc.js:[2m3459:21[22m[39m
[90m [2m❯[22m EventEmitter.emit node:events:[2m519:28[22m[39m
[90m [2m❯[22m ChildProcess.emitUnexpectedExit ../../node_modules/vitest/dist/chunks/cli-api.BK8pd4xc.js:[2m3025:22[22m[39m
[90m [2m❯[22m ChildProcess.emit node:events:[2m519:28[22m[39m
[90m [2m❯[22m Process.ChildProcess._handle.onexit node:internal/child_process:[2m293:12[22m[39m

[31m[1mCaused by: Error[22m: Worker exited unexpectedly[39m
[90m [2m❯[22m ChildProcess.emitUnexpectedExit ../../node_modules/vitest/dist/chunks/cli-api.BK8pd4xc.js:[2m3023:33[22m[39m
[90m [2m❯[22m ChildProcess.emit node:events:[2m519:28[22m[39m
[90m [2m❯[22m Process.ChildProcess._handle.onexit node:internal/child_process:[2m293:12[22m[39m

[31m⎯⎯⎯⎯⎯⎯⎯⎯⎯⎯⎯⎯⎯⎯⎯⎯⎯⎯⎯⎯⎯⎯⎯⎯⎯⎯⎯⎯⎯⎯[39m


[2m Test Files [22m [1m[31m6 failed[39m[22m[2m | [22m[1m[32m425 passed[39m[22m[2m | [22m[33m1 skipped[39m[90m (433)[39m
[2m      Tests [22m [1m[31m17 failed[39m[22m[2m | [22m[1m[32m3302 passed[39m[22m[2m | [22m[33m3 skipped[39m[90m (3330)[39m
[2m     Errors [22m [1m[31m1 error[39m[22m
[2m   Start at [22m 01:30:33
[2m   Duration [22m 265.70s[2m (transform 27.91s, setup 7.46s, import 91.96s, tests 383.82s, environment 1.16s)[22m

error: script "test" exited with code 1
